Frame;TimeStamp;LogTime;HeadPositionX;HeadPositionY;HeadPositionZ;HeadDirectionX;HeadDirectionY;HeadDirectionZ;GazeStatus;CombinedGazeForwardX;CombinedGazeForwardY;CombinedGazeForwardZ;CombinedGazePositionX;CombinedGazePositionY;CombinedGazePositionZ;InterPupillaryDistanceInMM;LeftEyeStatus;LeftGazeDirectionX;LeftGazeDirectionY;LeftGazeDirectionZ;LeftEyePositionX;LeftEyePositionY;LeftEyePositionZ;LeftPupilIrisDiameterRatio;LeftPupilDiameterInMM;LeftIrisDiameterInMM;LeftEyeOpenness;RightEyeStatus;RightGazeDirectionX;RightGazeDirectionY;RightGazeDirectionZ;RightEyePositionX;RightEyePositionY;RightEyePositionZ;RightPupilIrisDiameterRatio;RightPupilDiameterInMM;RightIrisDiameterInMM;RightEyeOpenness;FocusDistance;FocusStability;Condition;Scene;Task;GazedObject;ClickedObject;QuizAnswer;ChatBot
2111771;1000147046221;6,387878E+13;0,370602;2,60714;-0,009598597;0,1033337;-0,07675453;0,003485262;VALID;0,1748411;0,1372677;0,9749811;0;0;0;62,225;VALID;0,175862;0,1372424;0,9748011;-0,0311216;0;0;0,4369437;5,476908;12,53458;0,9998296;VALID;0,1738101;0,1372932;0,9751619;0,0311216;0;0;0,4507242;5,729101;12,71088;0,9993423;2;0,06014978;Unknown;Unknown;Board;Board;Unknown;Unknown;Unknown
2111773;1000147046231;6,387878E+13;0,3711337;2,608343;-0,00843734;0,1021356;-0,07358667;0,002868642;VALID;0,1692662;0,1372939;0,9759607;0;0;0;62,225;VALID;0,1719652;0,1372288;0,975498;-0,0311216;0;0;0,4366524;5,473256;12,53458;0,99984;VALID;0,1664862;0,1373599;0,9764295;0,0311216;0;0;0,4514313;5,738088;12,71088;0,9993845;2;0,2027666;Unknown;Unknown;Board;Board;Unknown;Unknown;Unknown
2111775;1000147046241;6,387878E+13;0,3718171;2,609505;-0,006986876;0,1007787;-0,07072521;0,002044363;VALID;0,1628277;0,1376767;0,9770017;0;0;0;62,225;VALID;0,1649389;0,1376277;0,9766544;-0,0311216;0;0;0,439533;5,509364;12,53458;0,9998544;VALID;0,1606985;0,1377254;0,9773473;0,0311216;0;0;0,4526132;5,753111;12,71088;0,9994426;2;0,2247808;Unknown;Unknown;Board;Board;Unknown;Unknown;Unknown
2111778;1000147046256;6,387878E+13;0,3724046;2,61098;-0,004663331;0,0992674;-0,0679021;0,001247354;VALID;0,1547676;0,1383884;0,9782104;0;0;0;62,225;VALID;0,1559813;0,1383617;0,9780214;-0,0311216;0;0;0,4402816;5,518747;12,53458;0,9998633;VALID;0,1535553;0,1384149;0,9783977;0,0311216;0;0;0,4528247;5,7558;12,71088;0,999478;2;0,285479;Unknown;Unknown;Board;Board;Unknown;Unknown;Unknown
2111780;1000147046266;6,387878E+13;0,3730033;2,611807;-0,003106151;0,09850316;-0,06501534;0,0004174862;VALID;0,1493378;0,139162;0,9789444;0;0;0;62,225;VALID;0,1500481;0,1391469;0,9788379;-0,0311216;0;0;0,4419855;5,540105;12,53458;0,9998716;VALID;0,1486258;0,1391771;0,9790506;0,0311216;0;0;0,4530565;5,758746;12,71088;0,9995111;2;0,2774388;Unknown;Unknown;Board;Board;Unknown;Unknown;Unknown
2111782;1000147046276;6,387878E+13;0,3741935;2,611831;-0,002937841;0,09810087;-0,06228273;-0,0005266808;VALID;0,1437179;0,1402593;0,9796287;0;0;0;62,225;VALID;0,1441011;0,1402514;0,9795736;-0,0311216;0;0;0,4428631;5,551105;12,53458;0,9998794;VALID;0,1433314;0,1402672;0,9796842;0,0311216;0;0;0,4531266;5,759637;12,71088;0,999542;2;0,3121342;Unknown;Unknown;Board;Board;Unknown;Unknown;Unknown
2111784;1000147046286;6,387878E+13;0,37477;2,612375;-0,001179338;0,09805165;-0,05981933;-0,001443463;VALID;0,1388994;0,1418536;0,9800941;0;0;0;62,225;VALID;0,1390852;0,1418499;0,9800683;-0,0311216;0;0;0,4451676;5,579991;12,53458;0,9998868;VALID;0,1387106;0,1418574;0,9801203;0,0311216;0;0;0,4533842;5,762912;12,71088;0,9995708;2;0,3063897;Unknown;Unknown;Board;Board;Unknown;Unknown;Unknown
2111787;1000147046301;6,387878E+13;0,3756326;2,612565;-0,001248654;0,09848543;-0,05724931;-0,002076685;VALID;0,1321136;0,1435818;0,9807804;0;0;0;62,225;VALID;0,1321422;0,1435813;0,9807767;-0,0311216;0;0;0,447407;5,608061;12,53458;0,9998969;VALID;0,1320847;0,1435824;0,9807842;0,0311216;0;0;0,4533282;5,7622;12,71088;0,9996106;2;0,3162779;Unknown;Unknown;Board;Board;Unknown;Unknown;Unknown
2111789;1000147046311;6,387878E+13;0,3761397;2,612828;0,0005961549;0,09921594;-0,05508007;-0,002766566;VALID;0,1184122;0,1351604;0,9837226;0;0;0;62,225;VALID;0,1189639;0,1351514;0,9836573;-0,0311216;0;0;0,4478208;5,613248;12,53458;0,9999031;VALID;0,117864;0,1351693;0,9837872;0,0311216;0;0;0,453602;5,76568;12,71088;0,9996349;2;0;Unknown;Unknown;Board;Board;Unknown;Unknown;Unknown
2111791;1000147046321;6,387878E+13;0,3766246;2,61276;0,002303216;0,10087;-0,05290773;-0,003451024;VALID;0,09895302;0,07037251;0,9926006;0;0;0;62,225;VALID;0,104606;0,07033161;0,9920237;-0,0311216;0;0;0,4547215;5,699745;12,53458;0,999909;VALID;0,09304117;0,07041284;0,9931694;0,0311216;0;0;0,4554331;5,788955;12,71088;0,9996577;2;0;Unknown;Unknown;Board;Board;Unknown;Unknown;Unknown
2111793;1000147046331;6,387878E+13;0,3771064;2,612768;0,004576328;0,102879;-0,05090786;-0,00405863;VALID;0,08922277;-0,013127;0,9959252;0;0;0;62,225;VALID;0,09834258;-0,01311568;0,9950662;-0,0311216;0;0;0,4555469;5,710092;12,53458;0,9998106;VALID;0,07966494;-0,01313768;0,9967351;0,0311216;0;0;0,4524828;5,751454;12,71088;0,999679;2;0;Unknown;Unknown;Board;Board;Unknown;Unknown;Unknown
2111796;1000147046346;6,387878E+13;0,3774291;2,612584;0,006440346;0,1051765;-0,04890392;-0,004416753;VALID;0,08125148;-0,1130495;0,9902616;0;0;0;62,225;VALID;0,09128263;-0,112951;0,9893986;-0,0311216;0;0;0,4477601;5,612487;12,53458;0,9984915;VALID;0,07105431;-0,1131378;0,9910354;0,0311216;0;0;0,445338;5,660637;12,71088;0,9991188;2;0;Unknown;Unknown;Board;Board;Unknown;Unknown;Unknown
2111798;1000147046356;6,387878E+13;0,377773;2,612193;0,008690935;0,108676;-0,04707719;-0,004820372;VALID;0,08180756;-0,1894253;0,9784812;0;0;0;62,225;VALID;0,0925543;-0,1892466;0,9775579;-0,0311216;0;0;0,447023;5,603248;12,53458;0,9894807;VALID;0,07080123;-0,1895854;0,9793082;0,0311216;0;0;0,4504733;5,725911;12,71088;0,9951274;2;0;Unknown;Unknown;Board;Board;Unknown;Unknown;Unknown
2111800;1000147046366;6,387878E+13;0,3780797;2,611231;0,009433476;0,1121756;-0,04467246;-0,004889719;VALID;0,08145884;-0,2268497;0,9705172;0;0;0;62,225;VALID;0,09176959;-0,2266457;0,9696443;-0,0311216;0;0;0,4451907;5,58028;12,53458;0,9686975;VALID;0,07102752;-0,2270313;0,9712939;0,0311216;0;0;0,4502251;5,722756;12,71088;0,9807671;2;0;Unknown;Unknown;Board;Board;Unknown;Unknown;Unknown
2111802;1000147046376;6,387878E+13;0,3783592;2,610434;0,01183065;0,1167072;-0,04279841;-0,005078693;VALID;0,08108204;-0,2592368;0,9624043;0;0;0;62,225;VALID;0,09123936;-0,2590083;0,9615561;-0,0311216;0;0;0,4258433;5,337769;12,53458;0,929105;VALID;0,07084114;-0,2594397;0,9631576;0,0311216;0;0;0,4511415;5,734405;12,71088;0,9375374;2;0;Unknown;Unknown;Board;Board;Unknown;Unknown;Unknown
2111807;1000147046401;6,387878E+13;0,3788166;2,608476;0,01647364;0,1272491;-0,03934967;-0,00508479;VALID;0,08037487;-0,2964834;0,9516498;0;0;0;62,225;VALID;0,09225071;-0,2961774;0,9506676;-0,0311216;0;0;0,4494158;5,633241;12,53458;0,8461977;VALID;0,06810259;-0,2967551;0,9525222;0,0311216;0;0;0,4521864;5,747686;12,71088;0,8563609;2;0;Unknown;Unknown;Board;Board;Unknown;Unknown;Unknown
2111809;1000147046411;6,387878E+13;0,3790436;2,607354;0,01897535;0,1336971;-0,03762506;-0,00504226;VALID;0,07980001;-0,297482;0,9513866;0;0;0;62,225;VALID;0,09177908;-0,2971742;0,9504021;-0,0311216;0;0;0,4497566;5,637512;12,53458;0,8356124;VALID;0,06752503;-0,2977526;0,9522519;0,0311216;0;0;0,4527226;5,754502;12,71088;0,844793;2;0;Unknown;Unknown;Board;Board;Unknown;Unknown;Unknown
2111811;1000147046421;6,387878E+13;0,3792378;2,606121;0,02159311;0,1409124;-0,03608302;-0,004952151;VALID;0,07912803;-0,2974878;0,9514409;0;0;0;62,225;VALID;0,09101901;-0,2971848;0,9504718;-0,0311216;0;0;0,4504839;5,646629;12,53458;0,8302351;VALID;0,06705976;-0,2977518;0,9522851;0,0311216;0;0;0,4540526;5,771407;12,71088;0,8388667;2;0;Unknown;Unknown;Board;Board;Unknown;Unknown;Unknown
2111813;1000147046431;6,387878E+13;0,3794318;2,60508;0,02407692;0,1478062;-0,03452201;-0,004911031;VALID;0,0775183;-0,2948183;0,9524038;0;0;0;62,225;VALID;0,08885983;-0,2945383;0,9514994;-0,0311216;0;0;0,4505899;5,647957;12,53458;0,828832;VALID;0,06615492;-0,2950603;0,9531857;0,0311216;0;0;0,4552771;5,786973;12,71088;0,8329574;2;0;Unknown;Unknown;Board;Board;Unknown;Unknown;Unknown
2111815;1000147046441;6,387878E+13;0,3796032;2,604111;0,02644318;0,1544605;-0,03288202;-0,004862608;VALID;0,07573294;-0,2902377;0,9539531;0;0;0;62,225;VALID;0,08630291;-0,2899876;0,9531311;-0,0311216;0;0;0,452264;5,668941;12,53458;0,8285536;VALID;0,06517112;-0,2904548;0,9546668;0,0311216;0;0;0,4564158;5,801445;12,71088;0,8298305;2;0;Unknown;Unknown;Board;Board;Unknown;Unknown;Unknown
2111817;1000147046451;6,387878E+13;0,3797444;2,603102;0,02878634;0,1612163;-0,0311384;-0,004720083;VALID;0,07397459;-0,2847082;0,9557557;0;0;0;62,225;VALID;0,08425153;-0,2844754;0,9549741;-0,0311216;0;0;0,452431;5,671034;12,53458;0,8292025;VALID;0,06371292;-0,2849104;0,9564344;0,0311216;0;0;0,4572007;5,811422;12,71088;0,8280132;2;0;Unknown;Unknown;Board;Board;Unknown;Unknown;Unknown
2111820;1000147046466;6,387878E+13;0,3799368;2,601917;0,03153609;0,1685847;-0,02943454;-0,004313292;VALID;0,07033408;-0,2759844;0,9585853;0;0;0;62,225;VALID;0,07914513;-0,2758017;0,9579507;-0,0311216;0;0;0,4524413;5,671165;12,53458;0,8305419;VALID;0,06142899;-0,2761471;0,9591503;0,0311216;0;0;0,4574584;5,814698;12,71088;0,8267023;2;0;Unknown;Unknown;Board;Board;Unknown;Unknown;Unknown
2111822;1000147046476;6,387878E+13;0,380057;2,600789;0,03408327;0,1762101;-0,02724686;-0,003721616;VALID;0,06772444;-0,2717777;0,9599741;0;0;0;62,225;VALID;0,07523502;-0,2716311;0,9594562;-0,0311216;0;0;0,4525835;5,672946;12,53458;0,8324031;VALID;0,05998985;-0,2719125;0,9604503;0,0311216;0;0;0,4577729;5,818696;12,71088;0,8269098;2;0,04397812;Unknown;Unknown;Board;Board;Unknown;Unknown;Unknown
2111824;1000147046486;6,387878E+13;0,3801914;2,599873;0,0364558;0,1812001;-0,02559609;-0,003105165;VALID;0,06445695;-0,2683958;0,9611498;0;0;0;62,225;VALID;0,07049871;-0,268286;0,9607562;-0,0311216;0;0;0,452556;5,672602;12,53458;0,8352404;VALID;0,05805957;-0,2685015;0,961528;0,0311216;0;0;0,459007;5,834383;12,71088;0,8273909;2;0;Unknown;Unknown;Board;Board;Unknown;Unknown;Unknown
2111827;1000147046501;6,387878E+13;0,379122;2,598782;0,04119597;0,1848193;-0,02367846;-0,001937955;VALID;0,05915082;-0,2531169;0,9656257;0;0;0;62,225;VALID;0,06385296;-0,2530434;0,9653454;-0,0311216;0;0;0,4527201;5,674658;12,53458;0,8416638;VALID;0,05416191;-0,2531887;0,9658996;0,0311216;0;0;0,4598975;5,845702;12,71088;0,8284017;2;0;Unknown;Unknown;Board;Board;Unknown;Unknown;Unknown
2111829;1000147046511;6,387878E+13;0,3792364;2,598366;0,04375923;0,18717;-0,02211461;-0,0006361158;VALID;0,05620182;-0,2392408;0,9693323;0;0;0;62,225;VALID;0,06029838;-0,2391835;0,9691003;-0,0311216;0;0;0,4531957;5,68062;12,53458;0,846468;VALID;0,05189178;-0,2392967;0,9695588;0,0311216;0;0;0,4601294;5,848648;12,71088;0,8302618;2;0;Unknown;Unknown;Board;Board;Unknown;Unknown;Unknown
2111831;1000147046521;6,387878E+13;0,379292;2,598442;0,04678471;0,1892623;-0,02027508;0,0005401967;VALID;0,05378166;-0,2262439;0,9725848;0;0;0;62,225;VALID;0,0575235;-0,2261967;0,9723817;-0,0311216;0;0;0,4537167;5,687151;12,53458;0,8512697;VALID;0,0499076;-0,2262895;0,9727807;0,0311216;0;0;0,4601519;5,848935;12,71088;0,8328149;2;0;Unknown;Unknown;Board;Board;Unknown;Unknown;Unknown
2111833;1000147046531;6,387878E+13;0,3794239;2,598208;0,04903609;0,1919897;-0,01853779;0,001818122;VALID;0,05162919;-0,2140834;0,97545;0;0;0;62,225;VALID;0,05585377;-0,2140346;0,975228;-0,0311216;0;0;0,4540108;5,690837;12,53458;0,8538897;VALID;0,04742675;-0,2141281;0,9756536;0,0311216;0;0;0,460426;5,852419;12,71088;0,836116;2;0;Unknown;Unknown;Board;Board;Unknown;Unknown;Unknown
2111836;1000147046546;6,387878E+13;0,3795457;2,597768;0,05179936;0,1949075;-0,01705543;0,002816999;VALID;0,04846283;-0,1983887;0,9789246;0;0;0;62,225;VALID;0,05337165;-0,1983389;0,9786793;-0,0311216;0;0;0,4544536;5,696388;12,53458;0,8580984;VALID;0,04364952;-0,1984327;0,9791421;0,0311216;0;0;0,4607103;5,856033;12,71088;0,8418288;2;0;Unknown;Unknown;Board;Board;Unknown;Unknown;Unknown
2111838;1000147046556;6,387878E+13;0,3796339;2,59731;0,05416932;0,1982998;-0,01531715;0,003685961;VALID;0,04606314;-0,1902268;0,9806589;0;0;0;62,225;VALID;0,05113167;-0,1901798;0,9804168;-0,0311216;0;0;0,455304;5,707047;12,53458;0,8609387;VALID;0,04109046;-0,1902681;0,9808719;0,0311216;0;0;0,4606842;5,855701;12,71088;0,8456952;2;0;Unknown;Unknown;Board;Board;Unknown;Unknown;Unknown
2111840;1000147046566;6,387878E+13;0,3793251;2,596909;0,0575684;0,2007947;-0,01398285;0,003802926;VALID;0,04281382;-0,1840075;0,9819919;0;0;0;62,225;VALID;0,04757399;-0,1839678;0,9817803;-0,0311216;0;0;0,4557115;5,712154;12,53458;0,8636902;VALID;0,03812766;-0,1840425;0,9821785;0,0311216;0;0;0,4605899;5,854502;12,71088;0,8491778;2;0;Unknown;Unknown;Board;Board;Unknown;Unknown;Unknown
2111843;1000147046581;6,387878E+13;0,3793524;2,596778;0,05977213;0,2023659;-0,01283357;0,003656264;VALID;0,03779427;-0,1772206;0,9834452;0;0;0;62,225;VALID;0,04237346;-0,177188;0,9832644;-0,0311216;0;0;0,4564087;5,720894;12,53458;0,8680369;VALID;0,03327253;-0,1772491;0,9836034;0,0311216;0;0;0,4605478;5,853968;12,71088;0,8548523;2;0,1244374;Unknown;Unknown;Board;Board;Unknown;Unknown;Unknown
2111845;1000147046591;6,387878E+13;0,3793942;2,596721;0,06196965;0,2033549;-0,011767;0,003565017;VALID;0,03427202;-0,1728588;0,9843502;0;0;0;62,225;VALID;0,03897658;-0,1728289;0,9841803;-0,0311216;0;0;0,4569846;5,728112;12,53458;0,8708219;VALID;0,02961926;-0,1728845;0,9844967;0,0311216;0;0;0,4607734;5,856835;12,71088;0,8583756;2;0,1769701;Unknown;Unknown;Board;Board;Unknown;Unknown;Unknown
2111847;1000147046601;6,387878E+13;0,3793823;2,596817;0,06414388;0,2037089;-0,01088925;0,003156825;VALID;0,0309276;-0,1685807;0,9852026;0;0;0;62,225;VALID;0,03555833;-0,1685547;0,9850507;-0,0311216;0;0;0,4570757;5,729255;12,53458;0,8732738;VALID;0,02633604;-0,1686029;0,9853322;0,0311216;0;0;0,4606966;5,855858;12,71088;0,8612212;2;0,2473074;Unknown;Unknown;Board;Board;Unknown;Unknown;Unknown
2111849;1000147046611;6,387878E+13;0,3792931;2,596457;0,06631815;0,2043588;-0,01018393;0,002908038;VALID;0,02789757;-0,1643362;0,9860098;0;0;0;62,225;VALID;0,03328923;-0,164309;0,9858471;-0,0311216;0;0;0,4570889;5,729419;12,53458;0,875825;VALID;0,02252018;-0,1643585;0,9861436;0,0311216;0;0;0,4594435;5,839931;12,71088;0,8638788;2;0,2683875;Unknown;Unknown;Board;Board;Unknown;Unknown;Unknown
2111851;1000147046621;6,387878E+13;0,3791804;2,596495;0,06833117;0,205112;-0,009763657;0,00261607;VALID;0,02454851;-0,1606378;0,9867081;0;0;0;62,225;VALID;0,03107353;-0,1606086;0,9865289;-0,0311216;0;0;0,4568878;5,726899;12,53458;0,8783997;VALID;0,01796418;-0,1606603;0,9868463;0,0311216;0;0;0,4583001;5,825397;12,71088;0,866531;2;0,3406393;Unknown;Unknown;Board;Board;Unknown;Unknown;Unknown
2111854;1000147046636;6,387878E+13;0,3790462;2,59648;0,0703453;0,206257;-0,009690423;0,002369404;VALID;0,02076594;-0,1553325;0,987644;0;0;0;62,225;VALID;0,02881665;-0,1553015;0,9874467;-0,0311216;0;0;0,4566852;5,72436;12,53458;0,8824866;VALID;0,01254231;-0,1553538;0,9877793;0,0311216;0;0;0,4572889;5,812544;12,71088;0,8695602;2;0,4714222;Unknown;Unknown;Board;Board;Unknown;Unknown;Unknown
2111856;1000147046646;6,387878E+13;0,3790827;2,596412;0,07137571;0,2072411;-0,009538736;0,002272609;VALID;0,01866989;-0,1524175;0,9881399;0;0;0;62,225;VALID;0,02718411;-0,1523877;0,9879469;-0,0311216;0;0;0,4564932;5,721953;12,53458;0,8838271;VALID;0,01000243;-0,1524364;0,9882627;0,0311216;0;0;0,4568924;5,807504;12,71088;0,8714222;2;0,5465562;Unknown;Unknown;Board;Board;Unknown;Unknown;Unknown
2111858;1000147046656;6,387878E+13;0,3788672;2,596322;0,07327314;0,2082722;-0,00992574;0,001933808;VALID;0,01694612;-0,149645;0,9885946;0;0;0;62,225;VALID;0,02556351;-0,1496175;0,9884135;-0,0311216;0;0;0,456294;5,719456;12,53458;0,8849247;VALID;0,008235492;-0,1496614;0,988703;0,0311216;0;0;0,4566192;5,804031;12,71088;0,8732401;2;0,5947121;Unknown;Unknown;Board;Board;Unknown;Unknown;Unknown
2111861;1000147046671;6,387878E+13;0,3786298;2,596259;0,0751467;0,2092593;-0,01009215;0,001619505;VALID;0,01459248;-0,1454765;0,9892541;0;0;0;62,225;VALID;0,02354714;-0,1454517;0,9890851;-0,0311216;0;0;0,4560409;5,716283;12,53458;0,8861056;VALID;0,005574558;-0,1454898;0,9893441;0,0311216;0;0;0,4563745;5,80092;12,71088;0,8754548;2;0,6544223;Unknown;Unknown;Board;Board;Unknown;Unknown;Unknown
2111864;1000147046686;6,387878E+13;0,3782926;2,596563;0,07696159;0,2103962;-0,01105185;0,0009976631;VALID;0,0129581;-0,1427982;0,989667;0;0;0;62,225;VALID;0,02209602;-0,1427753;0,9895085;-0,0311216;0;0;0,4557383;5,712491;12,53458;0,8874604;VALID;0,003779692;-0,1428092;0,9897431;0,0311216;0;0;0,4561405;5,797946;12,71088;0,877651;2;0,7552951;Unknown;Unknown;Board;Board;Unknown;Unknown;Unknown
2111869;1000147046711;6,387878E+13;0,3777905;2,596646;0,08007358;0,2117301;-0,0116341;0,0005117904;VALID;0,01135633;-0,13946;0,9901626;0;0;0;62,225;VALID;0,02030236;-0,1394403;0,9900224;-0,0311216;0;0;0,454505;5,697032;12,53458;0,8889406;VALID;0,002416224;-0,1394686;0,9902235;0,0311216;0;0;0,4557038;5,792396;12,71088;0,8806589;2;0,9005684;Unknown;Unknown;Board;Board;Unknown;Unknown;Unknown
2111873;1000147046731;6,387878E+13;0,3768238;2,596328;0,08439027;0,2130502;-0,01196257;0,0008898877;VALID;0,01026334;-0,137621;0,9904318;0;0;0;62,225;VALID;0,01929854;-0,1376026;0,9902995;-0,0311216;0;0;0,4517251;5,662187;12,53458;0,8896613;VALID;0,001229865;-0,1376281;0,9904832;0,0311216;0;0;0,4539726;5,770391;12,71088;0,882815;2;0,9382498;Unknown;Unknown;Board;Board;Unknown;Unknown;Unknown
2111878;1000147046756;6,387878E+13;0,3762469;2,596137;0,08785805;0,2143533;-0,01166737;0,001578742;VALID;0,03398176;-0,103645;0,9940337;0;0;0;62,225;VALID;0,04205313;-0,1036132;0,9937283;-0,0311216;0;0;0,4412152;5,530449;12,53458;0,8875833;VALID;0,02605344;-0,1036697;0,9942705;0,0311216;0;0;0,4486867;5,703202;12,71088;0,8849651;2;0;Unknown;Unknown;Board;Board;Unknown;Unknown;Unknown
2111880;1000147046766;6,387878E+13;0,3761292;2,595999;0,0894591;0,2147661;-0,0112839;0,001884131;VALID;0,05646612;-0,08344771;0,9949111;0;0;0;62,225;VALID;0,06607502;-0,08339841;0,9943233;-0,0311216;0;0;0,4394107;5,507831;12,53458;0,8826867;VALID;0,04693402;-0,08348896;0,9954028;0,0311216;0;0;0,4484314;5,699957;12,71088;0,8868082;2;0;Unknown;Unknown;Board;Board;Unknown;Unknown;Unknown
2111882;1000147046776;6,387878E+13;0,3758928;2,59596;0,09041167;0,2154088;-0,01085748;0,002084359;VALID;0,0721587;-0,06897807;0,9950051;0;0;0;62,225;VALID;0,08456509;-0,06891063;0,9940322;-0,0311216;0;0;0,4381554;5,492095;12,53458;0,8832438;VALID;0,05986628;-0,06903432;0,9958164;0,0311216;0;0;0,4481898;5,696887;12,71088;0,8894616;2;0;Unknown;Unknown;Board;Board;Unknown;Unknown;Unknown
2111884;1000147046786;6,387878E+13;0,375885;2,595849;0,09166837;0,2158805;-0,01004526;0,002292674;VALID;0,08405682;-0,06266348;0,9944887;0;0;0;62,225;VALID;0,09553481;-0,0625984;0,9934559;-0,0311216;0;0;0,4365838;5,472397;12,53458;0,8843135;VALID;0,0725745;-0,0627202;0,9953889;0,0311216;0;0;0,4468586;5,679965;12,71088;0,89289;2;0;Unknown;Unknown;Board;Chair3;Unknown;Unknown;Unknown
2111886;1000147046796;6,387878E+13;0,3758906;2,59612;0,09243904;0,2161971;-0,009180963;0,002380228;VALID;0,08915068;-0,05630226;0,9944256;0;0;0;62,225;VALID;0,1030778;-0,05622624;0,9930829;-0,0311216;0;0;0,4355016;5,458832;12,53458;0,8860279;VALID;0,07532376;-0,05636676;0,9955647;0,0311216;0;0;0,445408;5,661527;12,71088;0,8965374;2;0;Unknown;Unknown;Board;Chair3;Unknown;Unknown;Unknown
2111889;1000147046811;6,387878E+13;0,3763377;2,596094;0,0922928;0,2163798;-0,008117469;0,002324347;VALID;0,09635099;-0,0523231;0,9939712;0;0;0;62,225;VALID;0,1102942;-0,05224696;0,9925248;-0,0311216;0;0;0,4334294;5,432858;12,53458;0,8900586;VALID;0,08240994;-0,05238887;0,9952206;0,0311216;0;0;0,441754;5,615081;12,71088;0,9011238;2;0;Unknown;Unknown;Board;Chair3;Unknown;Unknown;Unknown
2111891;1000147046821;6,387878E+13;0,3764163;2,5961;0,09312607;0,2170106;-0,007030742;0,002272034;VALID;0,09865402;-0,05061169;0,9938339;0;0;0;62,225;VALID;0,1121777;-0,05053877;0,9924021;-0,0311216;0;0;0,430962;5,40193;12,53458;0,893032;VALID;0,08508238;-0,05067537;0,9950844;0,0311216;0;0;0,4398167;5,590456;12,71088;0,9033645;2;0;Unknown;Unknown;Board;Chair3;Unknown;Unknown;Unknown
2111893;1000147046831;6,387878E+13;0,3763432;2,59633;0,09439854;0,2173619;-0,005962998;0,002284962;VALID;0,1013418;-0,04889131;0,9936496;0;0;0;62,225;VALID;0,1135162;-0,04882666;0,9923356;-0,0311216;0;0;0,4281669;5,366894;12,53458;0,8959156;VALID;0,08911681;-0,04894878;0,9948177;0,0311216;0;0;0,4382998;5,571176;12,71088;0,9052702;2;0;Unknown;Unknown;Board;Chair3;Unknown;Unknown;Unknown
2111895;1000147046841;6,387878E+13;0,3764632;2,596247;0,09543937;0,2177356;-0,004609931;0,002407499;VALID;0,103233;-0,04701468;0,9935455;0;0;0;62,225;VALID;0,1143211;-0,04695733;0,9923335;-0,0311216;0;0;0,4250613;5,327968;12,53458;0,8987009;VALID;0,0921324;-0,04706617;0,9946338;0,0311216;0;0;0,4357307;5,53852;12,71088;0,9065437;2;0;Unknown;Unknown;Board;Chair3;Unknown;Unknown;Unknown
2111898;1000147046856;6,387878E+13;0,3766291;2,596104;0,09640145;0,2180762;-0,003381195;0,002447997;VALID;0,1030013;-0,04586807;0,9936231;0;0;0;62,225;VALID;0,1139;-0,04581324;0,9924353;-0,0311216;0;0;0,4205984;5,272027;12,53458;0,9021233;VALID;0,09209017;-0,04591738;0,9946914;0,0311216;0;0;0,4317369;5,487755;12,71088;0,9081239;2;0,1545051;Unknown;Unknown;Board;Chair3;Unknown;Unknown;Unknown
2111900;1000147046866;6,387878E+13;0,376801;2,595929;0,09736904;0,2184463;-0,002153192;0,002609941;VALID;0,102984;-0,04487164;0,9936704;0;0;0;62,225;VALID;0,1139655;-0,04481758;0,9924733;-0,0311216;0;0;0,4180171;5,239671;12,53458;0,9043603;VALID;0,09198119;-0,04492025;0,994747;0,0311216;0;0;0,4290697;5,453852;12,71088;0,9094194;2;0,2483505;Unknown;Unknown;Board;Chair3;Unknown;Unknown;Unknown
2111902;1000147046876;6,387878E+13;0,3770206;2,595683;0,09835208;0,2189254;-0,0009038244;0,00278137;VALID;0,1024572;-0,04369048;0,9937775;0;0;0;62,225;VALID;0,1136334;-0,04363713;0,992564;-0,0311216;0;0;0,415829;5,212245;12,53458;0,9065894;VALID;0,09124979;-0,04373838;0,994867;0,0311216;0;0;0,4265321;5,421598;12,71088;0,910001;2;0,3166522;Unknown;Unknown;Board;Chair3;Unknown;Unknown;Unknown
2111905;1000147046891;6,387878E+13;0,3772055;2,595685;0,0985741;0,2196204;0,0002482514;0,003074686;VALID;0,1014543;-0,04123273;0,9939854;0;0;0;62,225;VALID;0,1129175;-0,04118151;0,9927506;-0,0311216;0;0;0,4124552;5,169955;12,53458;0,9096316;VALID;0,0899594;-0,04127854;0,9950897;0,0311216;0;0;0,4232281;5,379601;12,71088;0,9109323;2;0,6638665;Unknown;Unknown;Board;Chair3;Unknown;Unknown;Unknown
2111907;1000147046901;6,387878E+13;0,3774544;2,595481;0,09925541;0,2200975;0,001281037;0,003194242;VALID;0,1009379;-0,03997092;0,9940895;0;0;0;62,225;VALID;0,1125027;-0,03992105;0,9928492;-0,0311216;0;0;0,4102378;5,14216;12,53458;0,911714;VALID;0,08934944;-0,04001542;0,9951962;0,0311216;0;0;0,4211276;5,352902;12,71088;0,9115602;2;0,689638;Unknown;Unknown;Board;Chair3;Unknown;Unknown;Unknown
2111909;1000147046911;6,387878E+13;0,3776957;2,595276;0,09993562;0,2205174;0,002473073;0,00313806;VALID;0,100344;-0,03823012;0,9942181;0;0;0;62,225;VALID;0,1120355;-0,03818215;0,9929704;-0,0311216;0;0;0,4081442;5,115919;12,53458;0,913928;VALID;0,08864003;-0,03827281;0,9953281;0,0311216;0;0;0,4199539;5,337982;12,71088;0,9123074;2;0,6453416;Unknown;Unknown;Board;Chair3;Unknown;Unknown;Unknown
2111911;1000147046921;6,387878E+13;0,3779893;2,595126;0,1005236;0,221162;0,003547905;0,00303271;VALID;0,09985577;-0,03743085;0,9942976;0;0;0;62,225;VALID;0,1114048;-0,03738469;0,9930717;-0,0311216;0;0;0,405912;5,087938;12,53458;0,916084;VALID;0,08828942;-0,03747196;0,9953898;0,0311216;0;0;0,4180782;5,314142;12,71088;0,9129105;2;0,6067516;Unknown;Unknown;Board;Chair3;Unknown;Unknown;Unknown
2111913;1000147046931;6,387878E+13;0,378274;2,594982;0,1010788;0,2215854;0,004674074;0,002834742;VALID;0,09929966;-0,0367258;0,9943796;0;0;0;62,225;VALID;0,1107848;-0,03668102;0,9931673;-0,0311216;0;0;0,4040934;5,065143;12,53458;0,918051;VALID;0,08780336;-0,03676567;0,9954591;0,0311216;0;0;0,4169452;5,29974;12,71088;0,9134148;2;0,6533598;Unknown;Unknown;Board;Chair3;Unknown;Unknown;Unknown
2111916;1000147046946;6,387878E+13;0,3786052;2,594814;0,101657;0,2218844;0,005750663;0,002490852;VALID;0,09857999;-0,03562604;0,9944912;0;0;0;62,225;VALID;0,1100822;-0,03558284;0,9932854;-0,0311216;0;0;0,4016559;5,034591;12,53458;0,9210808;VALID;0,08706108;-0,03566448;0,9955643;0,0311216;0;0;0,4150641;5,27583;12,71088;0,9141908;2;0,6926073;Unknown;Unknown;Board;Chair3;Unknown;Unknown;Unknown
2111918;1000147046956;6,387878E+13;0,3788543;2,594723;0,1019828;0,2220463;0,006751576;0,002201058;VALID;0,09790078;-0,03463873;0,9945932;0;0;0;62,225;VALID;0,1092675;-0,03459753;0,9934101;-0,0311216;0;0;0,400537;5,020566;12,53458;0,9232151;VALID;0,0865035;-0,03467546;0,9956479;0,0311216;0;0;0,4137162;5,258696;12,71088;0,9143767;2;0,7081068;Unknown;Unknown;Board;Chair3;Unknown;Unknown;Unknown
2111920;1000147046966;6,387878E+13;0,3791176;2,594684;0,1023236;0,2221581;0,007721252;0,002043373;VALID;0,09686107;-0,03383121;0,9947228;0;0;0;62,225;VALID;0,1080966;-0,03379187;0,9935659;-0,0311216;0;0;0,3994991;5,007555;12,53458;0,9254412;VALID;0,08558266;-0,03386633;0,9957553;0,0311216;0;0;0,4120667;5,23773;12,71088;0,9147835;2;0,7238058;Unknown;Unknown;Board;Chair3;Unknown;Unknown;Unknown
2111922;1000147046976;6,387878E+13;0,3794031;2,59471;0,1025449;0,2219247;0,00832453;0,002097285;VALID;0,0953531;-0,03275309;0,9949045;0;0;0;62,225;VALID;0,1066006;-0,03271553;0,9937636;-0,0311216;0;0;0,3984013;4,993794;12,53458;0,9276251;VALID;0,08406159;-0,03278655;0,995921;0,0311216;0;0;0,4108337;5,222058;12,71088;0,9150985;2;0,755323;Unknown;Unknown;Board;Chair3;Unknown;Unknown;Unknown
2111924;1000147046986;6,387878E+13;0,3796755;2,594836;0,102742;0,2216454;0,008990428;0,002059479;VALID;0,09355722;-0,03170781;0,9951088;0;0;0;62,225;VALID;0,1049215;-0,03167171;0,9939761;-0,0311216;0;0;0,3973813;4,98101;12,53458;0,9297459;VALID;0,08214803;-0,03173986;0,9961146;0,0311216;0;0;0,4099023;5,210218;12,71088;0,9158662;2;0,7693936;Unknown;Unknown;Board;Chair3;Unknown;Unknown;Unknown
2111927;1000147047001;6,387878E+13;0,3778516;2,594635;0,1056789;0,2210674;0,009819382;0,002521798;VALID;0,0893764;-0,01770952;0,9958405;0;0;0;62,225;VALID;0,1007978;-0,01769012;0,9947497;-0,0311216;0;0;0,3906929;4,897174;12,53458;0,9305595;VALID;0,07790197;-0,01772665;0,9968034;0,0311216;0;0;0,4090395;5,199252;12,71088;0,9185295;2;0;Unknown;Unknown;Board;Chair3;Unknown;Unknown;Unknown
2111929;1000147047011;6,387878E+13;0,3780762;2,595066;0,1057475;0,2200512;0,01011192;0,00261162;VALID;0,08488736;0,04696136;0,9952832;0;0;0;62,225;VALID;0,09656515;0,04691122;0,9942206;-0,0311216;0;0;0,3957076;4,960031;12,53458;0,9289708;VALID;0,07315122;0,04700521;0,9962125;0,0311216;0;0;0,4089188;5,197718;12,71088;0,9211905;2;0;Unknown;Unknown;Board;Chair3;Unknown;Unknown;Unknown
2111931;1000147047021;6,387878E+13;0,3773926;2,595091;0,1066517;0,2187595;0,01044846;0,00274533;VALID;0,07883531;0,1342758;0,9878031;0;0;0;62,225;VALID;0,09080832;0,1341385;0,9867932;-0,0311216;0;0;0,3920417;4,91408;12,53458;0,9269694;VALID;0,06678015;0,1343943;0,9886752;0,0311216;0;0;0,4048628;5,146162;12,71088;0,9229519;2;0;Unknown;Unknown;Board;Chair3;Unknown;Unknown;Unknown
2111935;1000147047041;6,387878E+13;0,3777872;2,596473;0,1066758;0,2137562;0,01088339;0,00273445;VALID;0,06283212;0,2657465;0,9619932;0;0;0;62,225;VALID;0,07213873;0,2655789;0,9613864;-0,0311216;0;0;0,3895535;4,882891;12,53458;0,9280738;VALID;0,05339554;0,2658928;0,9625227;0,0311216;0;0;0,3981559;5,060912;12,71088;0,9237868;2;0;Unknown;Unknown;Board;Board;Unknown;Unknown;Unknown
2111940;1000147047066;6,387878E+13;0,3780747;2,598807;0,1068448;0,2061617;0,01122575;0,002252068;VALID;0,0377989;0,3243534;0,9451805;0;0;0;62,225;VALID;0,04388661;0,3242726;0,9449451;-0,0311216;0;0;0,3896651;4,884291;12,53458;0,9583359;VALID;0,03154948;0,3244238;0,9453856;0,0311216;0;0;0,4006006;5,091986;12,71088;0,8970679;2;0;Unknown;Unknown;Board;Board;Unknown;Unknown;Unknown
2111944;1000147047086;6,387878E+13;0,3777913;2,60144;0,1079561;0,1968068;0,01141855;0,001501341;VALID;0,02282104;0,3444395;0,9385311;0;0;0;62,225;VALID;0,02837249;0,3443905;0,9383976;-0,0311216;0;0;0,3905323;4,89516;12,53458;0,9761267;VALID;0,01693001;0,3444799;0,938641;0,0311216;0;0;0,4058482;5,158687;12,71088;0,9238325;2;0;Unknown;Unknown;Board;Board;Unknown;Unknown;Unknown
2111947;1000147047101;6,387878E+13;0,3780049;2,603007;0,1075683;0,1912579;0,01146288;0,001138219;VALID;0,01305782;0,3422607;0,9395143;0;0;0;62,225;VALID;0,02110247;0,3422137;0,9393852;-0,0311216;0;0;0,390649;4,896623;12,53458;0,983334;VALID;0,003909221;0,3422873;0,9395872;0,0311216;0;0;0,4054707;5,153889;12,71088;0,953282;2;0;Unknown;Unknown;Board;Board;Unknown;Unknown;Unknown
2111949;1000147047111;6,387878E+13;0,378288;2,604961;0,1070796;0,1843064;0,01136185;0,0008221586;VALID;0,008725927;0,3368593;0,9415146;0;0;0;62,225;VALID;0,0158525;0,3368298;0,9414321;-0,0311216;0;0;0,3906769;4,896972;12,53458;0,9864525;VALID;0,0005614796;0,336872;0,9415503;0,0311216;0;0;0,405343;5,152266;12,71088;0,966498;2;0;Unknown;Unknown;Board;Board;Unknown;Unknown;Unknown
2111951;1000147047121;6,387878E+13;0,3785253;2,60662;0,1066071;0,1781379;0,01125587;0,0004683119;VALID;0,006272713;0,3317519;0,9433458;0;0;0;62,225;VALID;0,0141699;0,3317251;0,9432697;-0,0311216;0;0;0,3902614;4,891765;12,53458;0,9887303;VALID;-0,003736972;0,3317561;0,9433578;0,0311216;0;0;0,4064796;5,166712;12,71088;0,9753101;2;0;Unknown;Unknown;Board;Board;Unknown;Unknown;Unknown
2111953;1000147047131;6,387878E+13;0,3788138;2,608438;0,1060028;0,1714296;0,01115677;-3,288868E-05;VALID;0,004200737;0,3260336;0,9453489;0;0;0;62,225;VALID;0,01325781;0,3260078;0,9452741;-0,0311216;0;0;0,3902161;4,891197;12,53458;0,9904391;VALID;-0,006652123;0,3260292;0,9453363;0,0311216;0;0;0,405715;5,156993;12,71088;0,9811559;2;0;Unknown;Unknown;Board;Board;Unknown;Unknown;Unknown
2111955;1000147047141;6,387878E+13;0,3791056;2,610181;0,1053139;0,1650791;0,01107747;-0,0007843938;VALID;0,002838341;0,3208382;0,9471298;0;0;0;62,225;VALID;0,01120773;0,3208193;0,9470741;-0,0311216;0;0;0,3903032;4,892288;12,53458;0,991756;VALID;-0,006733772;0,3208322;0,9471121;0,0311216;0;0;0,4048853;5,146447;12,71088;0,9851135;2;0;Unknown;Unknown;Board;Board;Unknown;Unknown;Unknown
2111958;1000147047156;6,387878E+13;0,3793685;2,611814;0,1044692;0,1589655;0,01121538;-0,00148309;VALID;0,002503185;0,3152741;0,9489973;0;0;0;62,225;VALID;0,009916423;0,3152596;0,9489536;-0,0311216;0;0;0,3900349;4,888926;12,53458;0,9932389;VALID;-0,005660331;0,3152701;0,9489851;0,0311216;0;0;0,4045194;5,141797;12,71088;0,9889517;2;0;Unknown;Unknown;Board;Board;Unknown;Unknown;Unknown
2111960;1000147047166;6,387878E+13;0,379881;2,613124;0,1013946;0,152642;0,0110397;-0,002315221;VALID;0,002135658;0,3120261;0,9500711;0;0;0;62,225;VALID;0,00771373;0,3120176;0,950045;-0,0311216;0;0;0,3901066;4,889824;12,53458;0,9940016;VALID;-0,004274472;0,312024;0,9500646;0,0311216;0;0;0,4044906;5,141431;12,71088;0,9906706;2;0;Unknown;Unknown;Board;Board;Unknown;Unknown;Unknown
2111962;1000147047176;6,387878E+13;0,3802134;2,614739;0,1005297;0,1461682;0,01083198;-0,003078963;VALID;0,00174775;0,3041997;0,9526067;0;0;0;62,225;VALID;0,005708358;0,3041952;0,9525926;-0,0311216;0;0;0,3903039;4,892297;12,53458;0,9946366;VALID;-0,003275207;0,3041985;0,952603;0,0311216;0;0;0,4053224;5,152004;12,71088;0,9919758;2;0;Unknown;Unknown;Board;Board;Unknown;Unknown;Unknown
2111964;1000147047186;6,387878E+13;0,380576;2,61641;0,09962973;0,1395272;0,01068633;-0,003713604;VALID;0,002164395;0,2970973;0,9548448;0;0;0;62,225;VALID;0,0072923;0,2970901;0,9548216;-0,0311216;0;0;0,3905725;4,895664;12,53458;0,9951737;VALID;-0,003667361;0,297096;0,9548405;0,0311216;0;0;0,4056457;5,156114;12,71088;0,9929971;2;0;Unknown;Unknown;Board;Board;Unknown;Unknown;Unknown
2111967;1000147047201;6,387878E+13;0,3797918;2,618711;0,1011283;0,1331879;0,01062551;-0,004099749;VALID;0,003154891;0,2800643;0,9599761;0;0;0;62,225;VALID;0,008041508;0,2800566;0,9599498;-0,0311216;0;0;0,3910071;4,901111;12,53458;0,9958407;VALID;-0,002530075;0,2800648;0,9599778;0,0311216;0;0;0,4047008;5,144103;12,71088;0,99417;2;0;Unknown;Unknown;Board;Board;Unknown;Unknown;Unknown
2111969;1000147047211;6,387878E+13;0,3802187;2,6204;0,1000122;0,1276619;0,01052852;-0,004548623;VALID;0,001427196;0,2713033;0,9624928;0;0;0;62,225;VALID;0,006382524;0,2712981;0,9624742;-0,0311216;0;0;0,3911872;4,903369;12,53458;0,996214;VALID;-0,004044719;0,2713014;0,962486;0,0311216;0;0;0,4049031;5,146675;12,71088;0,9947853;2;0;Unknown;Unknown;Board;Board;Unknown;Unknown;Unknown
2111971;1000147047221;6,387878E+13;0,3805615;2,621538;0,09912694;0,1224123;0,01037828;-0,004996514;VALID;0,001340698;0,2623841;0,9649626;0;0;0;62,225;VALID;0,006797451;0,2623782;0,9649411;-0,0311216;0;0;0,3925689;4,920688;12,53458;0,9965423;VALID;-0,004499192;0,2623816;0,9649537;0,0311216;0;0;0,4052998;5,151716;12,71088;0,995305;2;0;Unknown;Unknown;Board;Board;Unknown;Unknown;Unknown
2111973;1000147047231;6,387878E+13;0,3809696;2,622699;0,09717025;0,1175318;0,01029817;-0,005338232;VALID;-0,002489563;0,2580719;0,9661225;0;0;0;62,225;VALID;0,002806746;0,2580717;0,9661217;-0,0311216;0;0;0,3976174;4,983969;12,53458;0,996833;VALID;-0,007917166;0,2580646;0,9660952;0,0311216;0;0;0,4061678;5,162749;12,71088;0,9957504;2;0;Unknown;Unknown;Board;Board;Unknown;Unknown;Unknown
2111977;1000147047251;6,387878E+13;0,3816793;2,624877;0,09524384;0,1089514;0,01019374;-0,006316221;VALID;-0,02447189;0,2469163;0,9687278;0;0;0;62,225;VALID;-0,01590559;0,246959;0,9688954;-0,0311216;0;0;0,3938173;4,936337;12,53458;0,9973245;VALID;-0,03316041;0,2468545;0,9684851;0,0311216;0;0;0,4008472;5,09512;12,71088;0,9964749;2;0;Unknown;Unknown;Board;Board;Unknown;Unknown;Unknown
2111980;1000147047266;6,387878E+13;0,3820011;2,62585;0,09432861;0,1043651;0,01019236;-0,006983285;VALID;-0,04123046;0,2437588;0,9689591;0;0;0;62,225;VALID;-0,03457665;0,2438204;0,9692038;-0,0311216;0;0;0,3916932;4,909711;12,53458;0,9976304;VALID;-0,04776712;0,2436877;0,9686767;0,0311216;0;0;0,3999943;5,08428;12,71088;0,9969105;2;0;Unknown;Unknown;Board;Board;Unknown;Unknown;Unknown
2111982;1000147047276;6,387878E+13;0,3823735;2,626873;0,09330124;0,100278;0,0101675;-0,00763189;VALID;-0,04914734;0,2402799;0,9694586;0;0;0;62,225;VALID;-0,04418699;0,2403357;0,9696836;-0,0311216;0;0;0,3929632;4,925631;12,53458;0,9978104;VALID;-0,05403383;0,2402192;0,9692137;0,0311216;0;0;0,3994952;5,077935;12,71088;0,9971618;2;0;Unknown;Unknown;Board;Board;Unknown;Unknown;Unknown
2111984;1000147047286;6,387878E+13;0,3827196;2,627724;0,09230875;0,09665734;0,01021496;-0,008094759;VALID;-0,05412031;0,2339915;0,9707311;0;0;0;62,225;VALID;-0,04997697;0,2340421;0,9709411;-0,0311216;0;0;0,3927201;4,922584;12,53458;0,9979738;VALID;-0,05821706;0,2339375;0,9705071;0,0311216;0;0;0,4000624;5,085145;12,71088;0,9973872;2;0;Unknown;Unknown;Board;Board;Unknown;Unknown;Unknown
2111986;1000147047296;6,387878E+13;0,3837849;2,627809;0,08822976;0,09337974;0,01004394;-0,00860019;VALID;-0,05717747;0,2263072;0,9723763;0;0;0;62,225;VALID;-0,05304491;0,2263589;0,9725986;-0,0311216;0;0;0,3892405;4,878968;12,53458;0,9981228;VALID;-0,06125399;0,2262524;0,9721408;0,0311216;0;0;0,4004566;5,090155;12,71088;0,9975903;2;0;Unknown;Unknown;Board;Board;Unknown;Unknown;Unknown
2111989;1000147047311;6,387878E+13;0,3841091;2,628548;0,08724767;0,09051811;0,01002122;-0,009003139;VALID;-0,05906642;0,2170357;0,974375;0;0;0;62,225;VALID;-0,05459351;0,2170911;0,9746235;-0,0311216;0;0;0,3896131;4,883638;12,53458;0,9983224;VALID;-0,06348848;0,2169767;0,97411;0,0311216;0;0;0,4005668;5,091557;12,71088;0,9978594;2;0;Unknown;Unknown;Board;Board;Unknown;Unknown;Unknown
2111991;1000147047321;6,387878E+13;0,3843553;2,629411;0,08613227;0,08771179;0,009827035;-0,009596637;VALID;-0,05948488;0,2104088;0,9758021;0;0;0;62,225;VALID;-0,05486263;0,2104646;0,9760608;-0,0311216;0;0;0,38981;4,886107;12,53458;0,9984417;VALID;-0,06406415;0,2103491;0,975525;0,0311216;0;0;0,4006337;5,092406;12,71088;0,9980185;2;0;Unknown;Unknown;Board;Board;Unknown;Unknown;Unknown
2111993;1000147047331;6,387878E+13;0,3846738;2,63001;0,08511496;0,08571575;0,009734857;-0,009975001;VALID;-0,06062786;0,2010218;0,9777088;0;0;0;62,225;VALID;-0,05506466;0,2010867;0,9780245;-0,0311216;0;0;0,3895324;4,882627;12,53458;0,9985512;VALID;-0,0661655;0,2009509;0,9773642;0,0311216;0;0;0,400587;5,091813;12,71088;0,9981636;2;0;Unknown;Unknown;Board;Board;Unknown;Unknown;Unknown
2111995;1000147047341;6,387878E+13;0,3849147;2,63051;0,08429665;0,08357552;0,00956156;-0,01038739;VALID;-0,06169169;0,1935847;0,979142;0;0;0;62,225;VALID;-0,05583268;0,1936515;0,9794804;-0,0311216;0;0;0,3894615;4,881739;12,53458;0,9986519;VALID;-0,06754401;0,1935111;0,9787703;0,0311216;0;0;0,4005376;5,091185;12,71088;0,9982961;2;0,01029623;Unknown;Unknown;Board;Board;Unknown;Unknown;Unknown
2111998;1000147047356;6,387878E+13;0,3851766;2,631064;0,0833806;0,08140855;0,009388399;-0,01070298;VALID;-0,06416712;0,1847492;0,9806887;0;0;0;62,225;VALID;-0,05763144;0,184823;0,9810806;-0,0311216;0;0;0,3901088;4,889852;12,53458;0,9987884;VALID;-0,07072936;0,1846671;0,9802527;0,0311216;0;0;0,4011493;5,09896;12,71088;0,9984745;2;0,1423197;Unknown;Unknown;Board;Board;Unknown;Unknown;Unknown
2112000;1000147047366;6,387878E+13;0,3854574;2,63157;0,08250531;0,07936706;0,00905461;-0,01089036;VALID;-0,06445006;0,1786501;0,9817995;0;0;0;62,225;VALID;-0,05763961;0,1787246;0,9822093;-0,0311216;0;0;0,3901159;4,889941;12,53458;0,9988707;VALID;-0,07131652;0,1785664;0,9813399;0,0311216;0;0;0,4039554;5,134628;12,71088;0,9985813;2;0,07680908;Unknown;Unknown;Board;Board;Unknown;Unknown;Unknown
2112002;1000147047376;6,387878E+13;0,3842193;2,632634;0,0842898;0,0777;0,008918416;-0,01085468;VALID;-0,0647343;0,1726805;0,9828483;0;0;0;62,225;VALID;-0,05784594;0,1727537;0,983265;-0,0311216;0;0;0,3901462;4,89032;12,53458;0,9989468;VALID;-0,07166976;0,1725985;0,9823814;0,0311216;0;0;0,4053994;5,152983;12,71088;0,9986797;2;0,1637656;Unknown;Unknown;Board;Board;Unknown;Unknown;Unknown
2112004;1000147047386;6,387878E+13;0,3844283;2,633052;0,08348013;0,07616673;0,008542997;-0,01089346;VALID;-0,06448652;0,1674959;0,9837615;0;0;0;62,225;VALID;-0,05803358;0,1675624;0,9841519;-0,0311216;0;0;0,3900238;4,888786;12,53458;0,9990173;VALID;-0,07095247;0,1674222;0,9833288;0,0311216;0;0;0,4060411;5,161139;12,71088;0,9987704;2;0,2423522;Unknown;Unknown;Board;Board;Unknown;Unknown;Unknown
2112006;1000147047396;6,387878E+13;0,3845792;2,633378;0,08269142;0,07499946;0,008262515;-0,01075832;VALID;-0,06436457;0,1641404;0,9843349;0;0;0;62,225;VALID;-0,05801537;0,1642044;0,9847188;-0,0311216;0;0;0,3899303;4,887615;12,53458;0,9990826;VALID;-0,07072197;0,1640696;0,9839103;0,0311216;0;0;0,4084559;5,191833;12,71088;0,9978352;2;0,2672895;Unknown;Unknown;Board;Board;Unknown;Unknown;Unknown
2112009;1000147047411;6,387878E+13;0,3847248;2,633685;0,08191156;0,07380937;0,0078177;-0,01054679;VALID;-0,06354139;0,1638333;0,9844395;0;0;0;62,225;VALID;-0,05721815;0,1638961;0,9848168;-0,0311216;0;0;0,3900326;4,888897;12,53458;0,9991717;VALID;-0,0698833;0,1637637;0,9840212;0,0311216;0;0;0,4111555;5,226147;12,71088;0,9980435;2;0;Unknown;Unknown;Board;Board;Unknown;Unknown;Unknown
2112011;1000147047421;6,387878E+13;0,3848701;2,634011;0,0811281;0,07262331;0,007332842;-0,01036942;VALID;-0,06336494;0,1623316;0,9846996;0;0;0;62,225;VALID;-0,05712118;0,1623929;0,9850714;-0,0311216;0;0;0,3901577;4,890465;12,53458;0,9992259;VALID;-0,06962788;0,1622637;0,9842878;0,0311216;0;0;0,411617;5,232014;12,71088;0,9981647;2;0,004727909;Unknown;Unknown;Board;Board;Unknown;Unknown;Unknown
2112013;1000147047431;6,387878E+13;0,3849708;2,634261;0,08035696;0,07153147;0,006947722;-0,01000324;VALID;-0,06345034;0,1610983;0,9848967;0;0;0;62,225;VALID;-0,05707876;0,1611604;0,9852763;-0,0311216;0;0;0,3901469;4,890329;12,53458;0,9992762;VALID;-0,06984079;0,1610294;0,9844754;0,0311216;0;0;0,4122573;5,240153;12,71088;0,998284;2;0;Unknown;Unknown;Board;Board;Unknown;Unknown;Unknown
2112015;1000147047441;6,387878E+13;0,3850606;2,634559;0,07960849;0,07051966;0,006590808;-0,009914791;VALID;-0,0634321;0,1592735;0,9851946;0;0;0;62,225;VALID;-0,05689967;0,1593363;0,9855832;-0,0311216;0;0;0,3900738;4,889414;12,53458;0,999323;VALID;-0,07000398;0,1592034;0,9847608;0,0311216;0;0;0,4128793;5,248059;12,71088;0,9983985;2;0,01744323;Unknown;Unknown;Board;Board;Unknown;Unknown;Unknown
2112018;1000147047456;6,387878E+13;0,385143;2,634807;0,07888833;0,06934512;0,006147176;-0,009614891;VALID;-0,06353243;0,1557485;0,9857515;0;0;0;62,225;VALID;-0,05691384;0,1558109;0,9861459;-0,0311216;0;0;0,3899693;4,888103;12,53458;0,9993873;VALID;-0,07020057;0,1556788;0,9853101;0,0311216;0;0;0,4134818;5,255716;12,71088;0,9985582;2;0,08359247;Unknown;Unknown;Board;Board;Unknown;Unknown;Unknown
2112022;1000147047476;6,387878E+13;0,3852953;2,635098;0,07812412;0,06727695;0,005423962;-0,009219776;VALID;-0,06341552;0,1510406;0,9864914;0;0;0;62,225;VALID;-0,05692277;0,1510999;0,9868782;-0,0311216;0;0;0,3916564;4,909251;12,53458;0,999463;VALID;-0,06993944;0,1509747;0,9860604;0,0311216;0;0;0,4138821;5,260805;12,71088;0,9987473;2;0,2446342;Unknown;Unknown;Board;Board;Unknown;Unknown;Unknown
2112026;1000147047496;6,387878E+13;0,3853456;2,635576;0,07684854;0,06555869;0,004808535;-0,008576575;VALID;-0,06299662;0,1462535;0,9872392;0;0;0;62,225;VALID;-0,05645966;0,1463108;0,9876262;-0,0311216;0;0;0,3930088;4,926202;12,53458;0,9995289;VALID;-0,06955923;0,1461896;0,9868081;0,0311216;0;0;0,415832;5,285591;12,71088;0,9989105;2;0,3327112;Unknown;Unknown;Board;Board;Unknown;Unknown;Unknown
2112031;1000147047521;6,387878E+13;0,3853598;2,635907;0,07568017;0,06413674;0,00426347;-0,007715312;VALID;-0,06168472;0,1381786;0,9884845;0;0;0;62,225;VALID;-0,05593126;0,1382256;0,9888202;-0,0311216;0;0;0,3941337;4,940302;12,53458;0,9995995;VALID;-0,06726506;0,1381287;0,9881275;0,0311216;0;0;0,4167436;5,297177;12,71088;0,9990828;2;0,68027;Unknown;Unknown;Board;Board;Unknown;Unknown;Unknown
2112035;1000147047541;6,387878E+13;0,3853042;2,636132;0,07454041;0,06293647;0,00401163;-0,0068047;VALID;-0,06071465;0,1344078;0,9890643;0;0;0;62,225;VALID;-0,05516034;0,1344512;0,9893838;-0,0311216;0;0;0,3956521;4,959335;12,53458;0,999648;VALID;-0,06612705;0,1343615;0,9887235;0,0311216;0;0;0,4202471;5,34171;12,71088;0,9991994;2;0,6077446;Unknown;Unknown;Board;Board;Unknown;Unknown;Unknown
2112040;1000147047566;6,387878E+13;0,3851955;2,636317;0,07343572;0,06215504;0,003968832;-0,00575851;VALID;-0,05785011;0,1256705;0,9903839;0;0;0;62,225;VALID;-0,05379044;0,1256991;0,990609;-0,0311216;0;0;0,4008764;5,02482;12,53458;0,9997002;VALID;-0,06151981;0,1256429;0,9901662;0,0311216;0;0;0,4174897;5,306661;12,71088;0,9993231;2;0,4511793;Unknown;Unknown;Board;Board;Unknown;Unknown;Unknown
2112042;1000147047576;6,387878E+13;0,3850099;2,636342;0,07369033;0,06159197;0,004123578;-0,005257175;VALID;-0,05681232;0,1239782;0,9906573;0;0;0;62,225;VALID;-0,05349999;0,1240009;0,9908388;-0,0311216;0;0;0,4021693;5,041025;12,53458;0,9997188;VALID;-0,05956589;0,1239583;0,990498;0,0311216;0;0;0,4202829;5,342165;12,71088;0,9993666;2;0,4455584;Unknown;Unknown;Board;Board;Unknown;Unknown;Unknown
2112044;1000147047586;6,387878E+13;0,3849252;2,636418;0,07312658;0,06118179;0,004442504;-0,004321314;VALID;-0,05601499;0,1223245;0,9909082;0;0;0;62,225;VALID;-0,05304829;0,1223443;0,991069;-0,0311216;0;0;0,4039734;5,063639;12,53458;0,9997361;VALID;-0,05848798;0,1223071;0,9907674;0,0311216;0;0;0,424152;5,391345;12,71088;0,9994072;2;0,3122132;Unknown;Unknown;Board;Board;Unknown;Unknown;Unknown
2112046;1000147047596;6,387878E+13;0,3845343;2,636532;0,07452191;0,06094661;0,004846785;-0,003496118;VALID;-0,05518369;0,1217962;0,9910199;0;0;0;62,225;VALID;-0,05242166;0,1218143;0,9911676;-0,0311216;0;0;0,405891;5,087675;12,53458;0,9997525;VALID;-0,05757401;0,1217797;0,9908859;0,0311216;0;0;0,4203209;5,342648;12,71088;0,9994451;2;0,2501676;Unknown;Unknown;Board;Board;Unknown;Unknown;Unknown
2112048;1000147047606;6,387878E+13;0,3826427;2,636894;0,07933649;0,06097864;0,005458551;-0,002637377;VALID;-0,05427728;0,1209761;0,9911704;0;0;0;62,225;VALID;-0,05186656;0,1209916;0,9912976;-0,0311216;0;0;0,407571;5,108734;12,53458;0,9997677;VALID;-0,05635796;0,1209621;0,991056;0,0311216;0;0;0,4191813;5,328162;12,71088;0,9994804;2;0,3316405;Unknown;Unknown;Board;Board;Unknown;Unknown;Unknown
2112051;1000147047621;6,387878E+13;0,3825212;2,636872;0,0789296;0,06105567;0,006112404;-0,001550489;VALID;-0,05310845;0,1193386;0,9914322;0;0;0;62,225;VALID;-0,05082055;0,1193528;0,9915504;-0,0311216;0;0;0,410472;5,145097;12,53458;0,9997888;VALID;-0,05522848;0,1193249;0,991318;0,0311216;0;0;0,4185241;5,319809;12,71088;0,9995289;2;0,4072958;Unknown;Unknown;Board;Board;Unknown;Unknown;Unknown
2112053;1000147047631;6,387878E+13;0,3834987;2,636376;0,07506884;0,06106127;0,006838616;-0,0004115136;VALID;-0,05352862;0,1189426;0,9914572;0;0;0;62,225;VALID;-0,05083335;0,1189594;0,991597;-0,0311216;0;0;0,4116123;5,159389;12,53458;0,9998018;VALID;-0,05612977;0,1189256;0,9913154;0,0311216;0;0;0,4254643;5,408025;12,71088;0,9995586;2;0,3020074;Unknown;Unknown;Board;Board;Unknown;Unknown;Unknown
2112055;1000147047641;6,387878E+13;0,3833939;2,636345;0,07461432;0,06108356;0,007546331;0,0007142815;VALID;-0,05336238;0,1179338;0,9915866;0;0;0;62,225;VALID;-0,05088947;0,117949;0,9917148;-0,0311216;0;0;0,4141149;5,190758;12,53458;0,9998139;VALID;-0,05572154;0,1179185;0,9914587;0,0311216;0;0;0,4247729;5,399237;12,71088;0,9995863;2;0,3441853;Unknown;Unknown;Board;Board;Unknown;Unknown;Unknown
2112057;1000147047651;6,387878E+13;0,3841837;2,635814;0,07209329;0,06096484;0,008313921;0,001837115;VALID;-0,05309559;0,1175258;0,9916494;0;0;0;62,225;VALID;-0,0507458;0,1175402;0,9917707;-0,0311216;0;0;0,416382;5,219176;12,53458;0,9998252;VALID;-0,05533617;0,1175115;0,9915286;0,0311216;0;0;0,4229475;5,376034;12,71088;0,9996123;2;0,2919199;Unknown;Unknown;Board;Board;Unknown;Unknown;Unknown
2112060;1000147047666;6,387878E+13;0,3840986;2,635788;0,07163225;0,06065924;0,009067385;0,002905715;VALID;-0,05186415;0,1160252;0,9918913;0;0;0;62,225;VALID;-0,04999965;0,1160362;0,9919857;-0,0311216;0;0;0,4186614;5,247747;12,53458;0,999841;VALID;-0,05360521;0,1160145;0,9918;0,0311216;0;0;0,4296503;5,461233;12,71088;0,999648;2;0,2798505;Unknown;Unknown;Board;Board;Unknown;Unknown;Unknown
2112062;1000147047676;6,387878E+13;0,3840182;2,635786;0,07119207;0,06020904;0,009968022;0,003925298;VALID;-0,05092077;0,1152315;0,9920326;0;0;0;62,225;VALID;-0,04943661;0,1152401;0,9921067;-0,0311216;0;0;0,4201829;5,266819;12,53458;0,9998507;VALID;-0,05226152;0,1152235;0,9919639;0,0311216;0;0;0,4290562;5,453681;12,71088;0,99967;2;0,4135113;Unknown;Unknown;Board;Board;Unknown;Unknown;Unknown
2112064;1000147047686;6,387878E+13;0,3835049;2,636218;0,07234798;0,0598551;0,01056182;0,004738589;VALID;-0,05052936;0,1147348;0,9921103;0;0;0;62,225;VALID;-0,04919665;0,1147425;0,9921764;-0,0311216;0;0;0,4217998;5,287086;12,53458;0,9998598;VALID;-0,05172644;0,1147278;0,9920493;0,0311216;0;0;0,4317808;5,488313;12,71088;0,9996905;2;0,4181073;Unknown;Unknown;Board;Board;Unknown;Unknown;Unknown
2112069;1000147047711;6,387878E+13;0,3841364;2,63554;0,06899563;0,05935719;0,0120067;0,00616991;VALID;-0,04996048;0,1125592;0,9923882;0;0;0;62,225;VALID;-0,04908766;0,1125641;0,9924312;-0,0311216;0;0;0,4256062;5,334796;12,53458;0,9998802;VALID;-0,05064734;0,1125553;0,9923539;0,0311216;0;0;0,434635;5,524592;12,71088;0,9997362;2;0,3587115;Unknown;Unknown;Board;Board;Unknown;Unknown;Unknown
2112073;1000147047731;6,387878E+13;0,3846;2,63553;0,06623966;0,0590301;0,01289536;0,0067673;VALID;-0,05018029;0,1120741;0,9924321;0;0;0;62,225;VALID;-0,04941896;0,1120784;0,9924697;-0,0311216;0;0;0,4286269;5,372661;12,53458;0,9998943;VALID;-0,05072233;0,112071;0,9924048;0,0311216;0;0;0,434522;5,523156;12,71088;0,9997677;2;0,4076977;Unknown;Unknown;Board;Board;Unknown;Unknown;Unknown
2112078;1000147047756;6,387878E+13;0,3840086;2,635314;0,06642029;0,05858875;0,01357516;0,007017124;VALID;-0,05066598;0,1094085;0,9927047;0;0;0;62,225;VALID;-0,04993198;0,1094126;0,9927415;-0,0311216;0;0;0,4230927;5,303292;12,53458;0,9999096;VALID;-0,05150891;0,1094038;0,9926619;0,0311216;0;0;0,4361526;5,543883;12,71088;0,9998018;2;0,1256389;Unknown;Unknown;Board;Board;Unknown;Unknown;Unknown
2112080;1000147047766;6,387878E+13;0,3838989;2,635318;0,06602494;0,05830568;0,01366561;0,007183942;VALID;-0,04859394;0,1050354;0,9932805;0;0;0;62,225;VALID;-0,04816329;0,1050376;0,9933013;-0,0311216;0;0;0,4182998;5,243214;12,53458;0,9999151;VALID;-0,04916206;0,1050325;0,9932529;0,0311216;0;0;0,4452351;5,659329;12,71088;0,9998139;2;0,07231925;Unknown;Unknown;Board;Board;Unknown;Unknown;Unknown
2112082;1000147047776;6,387878E+13;0,3831504;2,635546;0,06711534;0,05802637;0,01386841;0,007463766;VALID;-0,0450305;0,1003695;0,9939307;0;0;0;62,225;VALID;-0,04490557;0,1003701;0,9939363;-0,0311216;0;0;0,4174528;5,232598;12,53458;0,9999202;VALID;-0,0453038;0,1003683;0,9939184;0,0311216;0;0;0,4466716;5,677589;12,71088;0,9998253;2;0,04616198;Unknown;Unknown;Board;Board;Unknown;Unknown;Unknown
2112084;1000147047786;6,387878E+13;0,3830482;2,635509;0,06674957;0,05749394;0,01385296;0,007738065;VALID;-0,04140407;0,09667581;0,9944544;0;0;0;62,225;VALID;-0,04146836;0,09667555;0,9944517;-0,0311216;0;0;0,4182966;5,243174;12,53458;0,9999251;VALID;-0,04147509;0,09667553;0,9944515;0,0311216;0;0;0,4467028;5,677985;12,71088;0,999836;2;0;Unknown;Unknown;Board;Board;Unknown;Unknown;Unknown
2112086;1000147047796;6,387878E+13;0,3829303;2,635492;0,06632198;0,05741539;0,01389954;0,007872644;VALID;-0,03697482;0,09377928;0,9949062;0;0;0;62,225;VALID;-0,03716136;0,09377863;0,9948993;-0,0311216;0;0;0,4235379;5,308872;12,53458;0,9999296;VALID;-0,03690217;0,09377953;0,9949089;0,0311216;0;0;0,4456076;5,664064;12,71088;0,999846;2;0;Unknown;Unknown;Board;Board;Unknown;Unknown;Unknown
2112089;1000147047811;6,387878E+13;0,3828072;2,635432;0,06589962;0,05738664;0,01386018;0,007924827;VALID;-0,0303374;0,09278779;0,9952236;0;0;0;62,225;VALID;-0,02882989;0,09279192;0,995268;-0,0311216;0;0;0,4327577;5,424438;12,53458;0,9999359;VALID;-0,03187038;0,09278335;0,9951761;0,0311216;0;0;0,4479471;5,6938;12,71088;0,9998598;2;0;Unknown;Unknown;Board;Board;Unknown;Unknown;Unknown
2112091;1000147047821;6,387878E+13;0,3821957;2,635717;0,06779203;0,05751203;0,01410373;0,007920342;VALID;-0,02576194;0,09237575;0,9953909;0;0;0;62,225;VALID;-0,02338261;0,09238115;0,9954491;-0,0311216;0;0;0,4355065;5,458893;12,53458;0,9999397;VALID;-0,02810732;0,09236991;0,9953279;0,0311216;0;0;0,4480671;5,695326;12,71088;0,9998684;2;0;Unknown;Unknown;Board;Board;Unknown;Unknown;Unknown
2112093;1000147047831;6,387878E+13;0,3820793;2,635635;0,06745119;0,05740208;0,01418461;0,008021131;VALID;-0,02204346;0,09175781;0,9955373;0;0;0;62,225;VALID;-0,01869848;0,09176406;0,9956052;-0,0311216;0;0;0,4371737;5,479791;12,53458;0,9999434;VALID;-0,02529541;0,09175074;0,9954607;0,0311216;0;0;0,4477951;5,691869;12,71088;0,9998764;2;0,05047169;Unknown;Unknown;Board;Board;Unknown;Unknown;Unknown
2112095;1000147047841;6,387878E+13;0,3819728;2,63557;0,06713525;0,05742595;0,01427782;0,008223385;VALID;-0,01949319;0,09159203;0,9956058;0;0;0;62,225;VALID;-0,01627799;0,0915973;0,995663;-0,0311216;0;0;0,4377134;5,486555;12,53458;0,9999468;VALID;-0,02266912;0,0915859;0,9955391;0,0311216;0;0;0,4487397;5,703876;12,71088;0,9998839;2;0,05050598;Unknown;Unknown;Board;Board;Unknown;Unknown;Unknown
2112098;1000147047856;6,387878E+13;0,3818536;2,635501;0,066845;0,05713677;0,01452701;0,008395975;VALID;-0,01656211;0,09124576;0,9956906;0;0;0;62,225;VALID;-0,01351946;0,09124994;0,9957362;-0,0311216;0;0;0,4387118;5,499071;12,53458;0,9999515;VALID;-0,01960255;0,09124075;0,9956359;0,0311216;0;0;0,4477902;5,691807;12,71088;0,9998943;2;0,4119548;Unknown;Unknown;Board;Board;Unknown;Unknown;Unknown
2112100;1000147047866;6,387878E+13;0,3817667;2,635477;0,06654266;0,0570508;0,01469214;0,008571884;VALID;-0,01474834;0,09109788;0,9957327;0;0;0;62,225;VALID;-0,01169656;0,09110156;0,9957729;-0,0311216;0;0;0,4395556;5,509647;12,53458;0,9999545;VALID;-0,01780304;0,09109335;0,9956832;0,0311216;0;0;0,4484548;5,700255;12,71088;0,9999007;2;0,4673319;Unknown;Unknown;Board;Board;Unknown;Unknown;Unknown
2112102;1000147047876;6,387878E+13;0,3816614;2,635398;0,06619616;0,05691575;0,01471362;0,008647228;VALID;-0,01437469;0,09100045;0,9957471;0;0;0;62,225;VALID;-0,01120305;0,09100414;0,9957875;-0,0311216;0;0;0,439917;5,514177;12,53458;0,9999572;VALID;-0,01754238;0,09099585;0,9956967;0,0311216;0;0;0,4491103;5,708586;12,71088;0,9999067;2;0,4891445;Unknown;Unknown;Board;Board;Unknown;Unknown;Unknown
2112104;1000147047886;6,387878E+13;0,381577;2,635349;0,06592923;0,05687116;0,01482994;0,008700888;VALID;-0,01395444;0,09075242;0,9957757;0;0;0;62,225;VALID;-0,01043338;0,09075631;0,9958185;-0,0311216;0;0;0,4401436;5,517017;12,53458;0,9999598;VALID;-0,01744772;0,09074743;0,9957211;0,0311216;0;0;0,4481503;5,696384;12,71088;0,9999124;2;0,5753382;Unknown;Unknown;Board;Board;Unknown;Unknown;Unknown
2112106;1000147047896;6,387878E+13;0,3810751;2,635218;0,06632946;0,05690609;0,01503775;0,008862624;VALID;-0,01378746;0,09072047;0,9957809;0;0;0;62,225;VALID;-0,01041884;0,09072417;0,9958215;-0,0311216;0;0;0,4401315;5,516866;12,53458;0,9999622;VALID;-0,01714475;0,09071576;0,9957292;0,0311216;0;0;0,4486233;5,702396;12,71088;0,9999177;2;0,6577546;Unknown;Unknown;Board;Board;Unknown;Unknown;Unknown
2112109;1000147047911;6,387878E+13;0,3803914;2,635615;0,06805718;0,05700335;0,01538433;0,008912568;VALID;-0,01357381;0,09064472;0,9957908;0;0;0;62,225;VALID;-0,01018876;0,09064836;0,9958308;-0,0311216;0;0;0,4397756;5,512404;12,53458;0,9999655;VALID;-0,01694615;0,09064005;0,9957395;0,0311216;0;0;0,4486615;5,702881;12,71088;0,9999251;2;0,7195345;Unknown;Unknown;Board;Board;Unknown;Unknown;Unknown
2112111;1000147047921;6,387878E+13;0,3802401;2,635527;0,06779916;0,05709501;0,01553852;0,009042549;VALID;-0,01322509;0,09057701;0,9958016;0;0;0;62,225;VALID;-0,009742647;0,09058063;0,9958414;-0,0311216;0;0;0,4387322;5,499326;12,53458;0,9999676;VALID;-0,01668767;0,09057232;0,9957501;0,0311216;0;0;0,4481722;5,696662;12,71088;0,9999296;2;0,7050223;Unknown;Unknown;Board;Board;Unknown;Unknown;Unknown
2112113;1000147047931;6,387878E+13;0,379463;2,635981;0,06920265;0,05700587;0,01573388;0,009156634;VALID;-0,01261484;0,09029677;0,995835;0;0;0;62,225;VALID;-0,008836922;0,09030043;0,9958754;-0,0311216;0;0;0,4378116;5,487787;12,53458;0,9999696;VALID;-0,01634656;0,09029189;0,9957812;0,0311216;0;0;0,4454013;5,661442;12,71088;0,9999338;2;0,7176815;Unknown;Unknown;Board;Board;Unknown;Unknown;Unknown
2112116;1000147047946;6,387878E+13;0,3792215;2,63589;0,0688976;0,05689995;0,01574696;0,009242706;VALID;-0,01246614;0,0902;0,9958457;0;0;0;62,225;VALID;-0,007976;0,09020414;0,9958913;-0,0311216;0;0;0,4358369;5,463034;12,53458;0,9999723;VALID;-0,0167823;0,09019431;0,9957828;0,0311216;0;0;0,4451803;5,658633;12,71088;0,9999397;2;0,6957278;Unknown;Unknown;Board;Board;Unknown;Unknown;Unknown
2112118;1000147047956;6,387878E+13;0,3792736;2,635896;0,06805051;0,05677785;0,01570193;0,009427499;VALID;-0,01206411;0,09004091;0,995865;0;0;0;62,225;VALID;-0,007221267;0,09004511;0,9959115;-0,0311216;0;0;0,4344632;5,445816;12,53458;0,999974;VALID;-0,01668214;0,09003492;0,9957989;0,0311216;0;0;0,4425786;5,625563;12,71088;0,9999434;2;0,6926888;Unknown;Unknown;Board;Board;Unknown;Unknown;Unknown
2112120;1000147047966;6,387878E+13;0,3790796;2,635858;0,06782681;0,05680173;0,01559503;0,009710086;VALID;-0,01147275;0,08996617;0,9958788;0;0;0;62,225;VALID;-0,006612036;0,08997012;0,9959225;-0,0311216;0;0;0,4320531;5,415606;12,53458;0,9999755;VALID;-0,0161619;0,08996034;0,9958142;0,0311216;0;0;0,4406032;5,600453;12,71088;0,9999468;2;0,747893;Unknown;Unknown;Board;Board;Unknown;Unknown;Unknown
2112122;1000147047976;6,387878E+13;0,3782653;2,636331;0,06966469;0,05680142;0,01555514;0,009966888;VALID;-0,01111593;0,08999742;0,9958799;0;0;0;62,225;VALID;-0,006561067;0,09000105;0,9959201;-0,0311216;0;0;0,4298507;5,388;12,53458;0,999977;VALID;-0,01558244;0,08999205;0,9958206;0,0311216;0;0;0,4388375;5,57801;12,71088;0,99995;2;0,7503598;Unknown;Unknown;Board;Board;Unknown;Unknown;Unknown
2112124;1000147047986;6,387878E+13;0,378055;2,636276;0,06946784;0,05691284;0,0153682;0,01034821;VALID;-0,01087156;0,09007861;0,9958753;0;0;0;62,225;VALID;-0,006260762;0,09008217;0,9959146;-0,0311216;0;0;0,4265517;5,346649;12,53458;0,9999784;VALID;-0,01540338;0,09007325;0,995816;0,0311216;0;0;0,4372428;5,55774;12,71088;0,999953;2;0,7515646;Unknown;Unknown;Board;Board;Unknown;Unknown;Unknown
2112127;1000147048001;6,387878E+13;0,377825;2,636185;0,06924824;0,05699075;0,01517594;0,01063282;VALID;-0,01086303;0,09014493;0,9958694;0;0;0;62,225;VALID;-0,005796279;0,09014874;0,9959114;-0,0311216;0;0;0,42208;5,290597;12,53458;0,9999803;VALID;-0,01576229;0,09013905;0,9958044;0,0311216;0;0;0,4332868;5,507455;12,71088;0,9999572;2;0,7182474;Unknown;Unknown;Board;Board;Unknown;Unknown;Unknown
2112129;1000147048011;6,387878E+13;0,3775944;2,636093;0,06902083;0,05710618;0,01491387;0,01094567;VALID;-0,01109264;0,09019985;0,9958619;0;0;0;62,225;VALID;-0,005822519;0,09020387;0,9959063;-0,0311216;0;0;0,4196669;5,26035;12,53458;0,9999815;VALID;-0,01611853;0,09019368;0,9957938;0,0311216;0;0;0,4314076;5,48357;12,71088;0,9999598;2;0,7671056;Unknown;Unknown;Board;Board;Unknown;Unknown;Unknown
2112131;1000147048021;6,387878E+13;0,3782441;2,635784;0,06665514;0,05696458;0,01473203;0,0113015;VALID;-0,01132298;0,09022297;0,9958572;0;0;0;62,225;VALID;-0,00575663;0,09022726;0,9959046;-0,0311216;0;0;0,4177004;5,235702;12,53458;0,9999826;VALID;-0,01647107;0,09021651;0,995786;0,0311216;0;0;0,4280347;5,440697;12,71088;0,9999622;2;0,7899152;Unknown;Unknown;Board;Board;Unknown;Unknown;Unknown
2112133;1000147048031;6,387878E+13;0,3780506;2,635748;0,06639174;0,05687216;0,01453455;0,01162241;VALID;-0,01150759;0,09026071;0,9958517;0;0;0;62,225;VALID;-0,005678564;0,09026524;0,9959016;-0,0311216;0;0;0,4159912;5,214278;12,53458;0,9999837;VALID;-0,01686847;0,09025385;0,9957759;0,0311216;0;0;0,4266945;5,423662;12,71088;0,9999645;2;0,8135754;Unknown;Unknown;Board;Board;Unknown;Unknown;Unknown
2112135;1000147048041;6,387878E+13;0,377868;2,63569;0,06611084;0,05686071;0,01437384;0,01190799;VALID;-0,0115087;0,09034272;0,9958442;0;0;0;62,225;VALID;-0,005444334;0,09034736;0,9958954;-0,0311216;0;0;0,414047;5,189907;12,53458;0,9999846;VALID;-0,01707622;0,09033553;0,995765;0,0311216;0;0;0,4255635;5,409286;12,71088;0,9999666;2;0,8322829;Unknown;Unknown;Board;Board;Unknown;Unknown;Unknown
2112137;1000147048051;6,387878E+13;0,377699;2,635617;0,06582706;0,0566856;0,01418987;0,01210462;VALID;-0,01139776;0,09052797;0,9958287;0;0;0;62,225;VALID;-0,005269264;0,0905326;0,9958795;-0,0311216;0;0;0,4115857;5,159056;12,53458;0,9999856;VALID;-0,01702023;0,09052074;0,9957491;0,0311216;0;0;0,4236138;5,384503;12,71088;0,9999686;2;0,8397825;Unknown;Unknown;Board;Board;Unknown;Unknown;Unknown
2112140;1000147048066;6,387878E+13;0,3775491;2,635536;0,06555615;0,05656701;0,01423494;0,01238588;VALID;-0,0117011;0,09082714;0,9957979;0;0;0;62,225;VALID;-0,005483722;0,090832;0,9958512;-0,0311216;0;0;0,4080611;5,114876;12,53458;0,9999868;VALID;-0,01777658;0,09081901;0,9957088;0,0311216;0;0;0,4211003;5,352555;12,71088;0,9999418;2;0,770755;Unknown;Unknown;Board;Board;Unknown;Unknown;Unknown
2112142;1000147048076;6,387878E+13;0,3783422;2,635765;0,0633515;0,05651086;0,01442637;0,01260466;VALID;-0,01173651;0,09103656;0,9957784;0;0;0;62,225;VALID;-0,005548467;0,09104143;0,9958317;-0,0311216;0;0;0,4051556;5,078457;12,53458;0,9999876;VALID;-0,01783381;0,09102836;0,9956886;0,0311216;0;0;0,4191828;5,328182;12,71088;0,9999453;2;0,7594433;Unknown;Unknown;Board;Board;Unknown;Unknown;Unknown
2112144;1000147048086;6,387878E+13;0,3783914;2,635763;0,06299307;0,05651914;0,01497258;0,01313846;VALID;-0,01186296;0,09134299;0,9957488;0;0;0;62,225;VALID;-0,005661266;0,09134796;0,9958029;-0,0311216;0;0;0,4031326;5,053101;12,53458;0,9999884;VALID;-0,01809912;0,09133446;0,9956558;0,0311216;0;0;0,4167755;5,297583;12,71088;0,9999458;2;0,7415606;Unknown;Unknown;Board;Board;Unknown;Unknown;Unknown
2112147;1000147048101;6,387878E+13;0,3783791;2,635714;0,06267212;0,05651551;0,01546133;0,01370867;VALID;-0,0123032;0,09171163;0,9957096;0;0;0;62,225;VALID;-0,00591265;0,09171697;0,9957675;-0,0311216;0;0;0,4000858;5,01491;12,53458;0,9999894;VALID;-0,01891152;0,09170217;0,9956069;0,0311216;0;0;0,4118398;5,234846;12,71088;0,9999506;2;0,5916458;Unknown;Unknown;Board;Board;Unknown;Unknown;Unknown
2112149;1000147048111;6,387878E+13;0,378374;2,635674;0,06242537;0,0565058;0,01589629;0,0142174;VALID;-0,01241316;0,09185315;0,9956952;0;0;0;62,225;VALID;-0,005921258;0,09185862;0,9957545;-0,0311216;0;0;0,3981675;4,990864;12,53458;0,99999;VALID;-0,01916699;0,09184335;0,995589;0,0311216;0;0;0,4088831;5,197263;12,71088;0,9999536;2;0,5442988;Unknown;Unknown;Board;Board;Unknown;Unknown;Unknown
2112151;1000147048121;6,387878E+13;0,3783741;2,635611;0,06214377;0,05643554;0,01628108;0,01473138;VALID;-0,01247775;0,09178986;0,9957002;0;0;0;62,225;VALID;-0,005871153;0,09179542;0,9957606;-0,0311216;0;0;0,3962153;4,966394;12,53458;0,9999906;VALID;-0,0194005;0,09177973;0,9955903;0,0311216;0;0;0,4068376;5,171263;12,71088;0,9999564;2;0,5673012;Unknown;Unknown;Board;Board;Unknown;Unknown;Unknown
2112153;1000147048131;6,387878E+13;0,3790793;2,635231;0,05966914;0,05640292;0,01663535;0,01527919;VALID;-0,01243408;0,09179226;0,9957005;0;0;0;62,225;VALID;-0,005779094;0,09179783;0,9957609;-0,0311216;0;0;0,3938593;4,936863;12,53458;0,9998728;VALID;-0,01939939;0,09178209;0,9955902;0,0311216;0;0;0,4049829;5,147688;12,71088;0,999959;2;0,5744428;Unknown;Unknown;Board;Board;Unknown;Unknown;Unknown
2112156;1000147048146;6,387878E+13;0,3790964;2,635169;0,05939533;0,0564241;0,01697646;0,01560166;VALID;-0,01244239;0,09195676;0,9956853;0;0;0;62,225;VALID;-0,005391189;0,09196255;0,9957479;-0,0311216;0;0;0,3899206;4,887493;12,53458;0,9997827;VALID;-0,01992943;0,09194562;0,9955646;0,0311216;0;0;0,4014349;5,10259;12,71088;0,9999626;2;0,5576925;Unknown;Unknown;Board;Board;Unknown;Unknown;Unknown
2112158;1000147048156;6,387878E+13;0,380069;2,635408;0,0555467;0,05622466;0,01729982;0,01588369;VALID;-0,01248668;0,09189932;0,99569;0;0;0;62,225;VALID;-0,005054733;0,09190531;0,9957549;-0,0311216;0;0;0,3874123;4,856053;12,53458;0,9997262;VALID;-0,02046596;0,09188724;0,9955591;0,0311216;0;0;0,3979987;5,058913;12,71088;0,9999649;2;0,6090766;Unknown;Unknown;Board;Board;Unknown;Unknown;Unknown
2112160;1000147048166;6,387878E+13;0,3801069;2,635323;0,05529083;0,05622073;0,01771419;0,0161308;VALID;-0,0125819;0,09211624;0,9956688;0;0;0;62,225;VALID;-0,004963392;0,09212241;0,9957353;-0,0311216;0;0;0,3830763;4,801703;12,53458;0,9994723;VALID;-0,02081492;0,09210358;0,9955319;0,0311216;0;0;0,3930495;4,996005;12,71088;0,999967;2;0,5860193;Unknown;Unknown;Board;Board;Unknown;Unknown;Unknown
2112162;1000147048176;6,387878E+13;0,3801486;2,635243;0,05494814;0,05632575;0,0181059;0,01635158;VALID;-0,01399443;0,09223188;0,9956392;0;0;0;62,225;VALID;-0,005884623;0,09223931;0,9957195;-0,0311216;0;0;0,3782451;4,741145;12,53458;0,999046;VALID;-0,02261404;0,09221732;0,9954821;0,0311216;0;0;0,3785404;4,811581;12,71088;0,999969;2;0,4821931;Unknown;Unknown;Board;Board;Unknown;Unknown;Unknown
2112164;1000147048186;6,387878E+13;0,3801884;2,635655;0,05476498;0,0565961;0,01852576;0,0166129;VALID;-0,0172571;0,0925079;0,9955624;0;0;0;62,225;VALID;-0,007381987;0,09251916;0,9956836;-0,0311216;0;0;0,3751815;4,702744;12,53458;0,9986228;VALID;-0,02797888;0,09248546;0,9953209;0,0311216;0;0;0,382053;4,85623;12,71088;0,9999709;2;0,4661502;Unknown;Unknown;Board;Board;Unknown;Unknown;Unknown
2112166;1000147048196;6,387878E+13;0,3802106;2,635546;0,05445509;0,05679602;0,01881147;0,01686839;VALID;-0,02114494;0,0926961;0,9954699;0;0;0;62,225;VALID;-0,01007778;0,09271213;0,9956419;-0,0311216;0;0;0,373156;4,677355;12,53458;0,9982576;VALID;-0,03322154;0,09266566;0,9951429;0,0311216;0;0;0,378125;4,806302;12,71088;0,9999726;2;0,5710815;Unknown;Unknown;Board;Board;Unknown;Unknown;Unknown
2112169;1000147048211;6,387878E+13;0,3802218;2,635412;0,05411964;0,05700765;0,01904613;0,01704772;VALID;-0,02729866;0,0931399;0,9952787;0;0;0;62,225;VALID;-0,01621146;0,09316238;0,9955189;-0,0311216;0;0;0,3700095;4,637916;12,53458;0,997919;VALID;-0,03868673;0,09310488;0,9949044;0,0311216;0;0;0,377371;4,796717;12,71088;0,999975;2;0,5555303;Unknown;Unknown;Board;Board;Unknown;Unknown;Unknown
2112171;1000147048221;6,387878E+13;0,3806207;2,635332;0,05327729;0,05736443;0,01902996;0,01707954;VALID;-0,03180953;0,09315457;0,9951434;0;0;0;62,225;VALID;-0,02007733;0,09318295;0,9954466;-0,0311216;0;0;0,3678938;4,611396;12,53458;0,9978443;VALID;-0,04370783;0,09311267;0,9946958;0,0311216;0;0;0,3757623;4,776268;12,71088;0,9999765;2;0,4486434;Unknown;Unknown;Board;Board;Unknown;Unknown;Unknown
2112173;1000147048231;6,387878E+13;0,380644;2,635216;0,05297537;0,05751811;0,01919269;0,0170305;VALID;-0,03442839;0,09348443;0,9950253;0;0;0;62,225;VALID;-0,02386319;0,09351325;0,995332;-0,0311216;0;0;0,3657342;4,584327;12,53458;0,997758;VALID;-0,04498685;0,09344518;0,9946076;0,0311216;0;0;0,3735869;4,748618;12,71088;0,9999779;2;0,4236802;Unknown;Unknown;Board;Board;Unknown;Unknown;Unknown
2112175;1000147048241;6,387878E+13;0,3806555;2,635107;0,05269422;0,05778256;0,01937508;0,01698994;VALID;-0,03617007;0,09402112;0,9949129;0;0;0;62,225;VALID;-0,02604105;0,09405077;0,9952267;-0,0311216;0;0;0,3638818;4,561107;12,53458;0,9977814;VALID;-0,04626917;0,09398192;0,9944981;0,0311216;0;0;0,3717454;4,725211;12,71088;0,9999793;2;0,4566302;Unknown;Unknown;Board;Board;Unknown;Unknown;Unknown
2112178;1000147048256;6,387878E+13;0,3806804;2,635017;0,05242437;0,05821489;0,01947169;0,01666275;VALID;-0,03884754;0,09497139;0,9947217;0;0;0;62,225;VALID;-0,02817459;0,0950054;0,995078;-0,0311216;0;0;0,361115;4,526427;12,53458;0,997703;VALID;-0,04952238;0,09492651;0,9942517;0,0311216;0;0;0,3666937;4,660999;12,71088;0,9999811;2;0,3851652;Unknown;Unknown;Board;Board;Unknown;Unknown;Unknown
2112180;1000147048266;6,387878E+13;0,3803847;2,635584;0,05511246;0,05849849;0,01939647;0,01661585;VALID;-0,04044897;0,09618702;0,994541;0;0;0;62,225;VALID;-0,02933026;0,09622439;0,9949275;-0,0311216;0;0;0,3599257;4,51152;12,53458;0,997659;VALID;-0,05165365;0,09613729;0,9940269;0,0311216;0;0;0,367921;4,676599;12,71088;0,9999822;2;0,4073656;Unknown;Unknown;Board;Board;Unknown;Unknown;Unknown
2112182;1000147048276;6,387878E+13;0,3804093;2,635492;0,05489523;0,05868402;0,01938943;0,01660183;VALID;-0,04098099;0,09701791;0,9944386;0;0;0;62,225;VALID;-0,02972636;0,09705657;0,9948348;-0,0311216;0;0;0,3584768;4,493359;12,53458;0,997574;VALID;-0,05236444;0,09696626;0,9939092;0,0311216;0;0;0,3613851;4,593523;12,71088;0,9999833;2;0,4460537;Unknown;Unknown;Board;Board;Unknown;Unknown;Unknown
2112184;1000147048286;6,387878E+13;0,380439;2,635396;0,05470213;0,05876157;0,01932633;0,01659032;VALID;-0,04139502;0,09786932;0,994338;0;0;0;62,225;VALID;-0,02951252;0,09791061;0,9947575;-0,0311216;0;0;0,3571309;4,476488;12,53458;0,9950061;VALID;-0,05346606;0,09781317;0,9937676;0,0311216;0;0;0,3622427;4,604423;12,71088;0,9999843;2;0,3825946;Unknown;Unknown;Board;Board;Unknown;Unknown;Unknown
2112189;1000147048311;6,387878E+13;0,3815091;2,634695;0,05268739;0,0592085;0,0191822;0,01658471;VALID;-0,04283269;0,1002307;0,9940419;0;0;0;62,225;VALID;-0,03085347;0,100275;0,9944813;-0,0311216;0;0;0,353263;4,428005;12,53458;0,9886017;VALID;-0,05507315;0,1001705;0,9934449;0,0311216;0;0;0,3587356;4,559844;12,71088;0,9999866;2;0,2250371;Unknown;Unknown;Board;Board;Unknown;Unknown;Unknown
2112193;1000147048331;6,387878E+13;0,3816245;2,634552;0,05226283;0,05945751;0,01889165;0,01646053;VALID;-0,04295296;0,1017737;0,9938799;0;0;0;62,225;VALID;-0,03031593;0,1018209;0,9943407;-0,0311216;0;0;0,3515866;4,406992;12,53458;0,9848177;VALID;-0,05659204;0,1017045;0,9932037;0,0311216;0;0;0,3603017;4,579751;12,71088;0,9999881;2;0,1900393;Unknown;Unknown;Board;Board;Unknown;Unknown;Unknown
2112198;1000147048356;6,387878E+13;0,3817625;2,634374;0,05185873;0,05967914;0,01871398;0,01619281;VALID;-0,04260123;0,104555;0,9936063;0;0;0;62,225;VALID;-0,02957717;0,1046043;0,994074;-0,0311216;0;0;0,3502183;4,389841;12,53458;0,9813367;VALID;-0,0574293;0,1044773;0,9928678;0,0311216;0;0;0,3548652;4,510648;12,71088;0,9999899;2;0,2581504;Unknown;Unknown;Board;Board;Unknown;Unknown;Unknown
2112202;1000147048376;6,387878E+13;0,3822535;2,634559;0,05075517;0,05983411;0,01882561;0,01574182;VALID;-0,0432713;0,1060554;0,9934183;0;0;0;62,225;VALID;-0,02949637;0,1061087;0,9939169;-0,0311216;0;0;0,3495307;4,381222;12,53458;0,979525;VALID;-0,05931299;0,105968;0,992599;0,0311216;0;0;0,3507774;4,458689;12,71088;0,999991;2;0,2260439;Unknown;Unknown;Board;Board;Unknown;Unknown;Unknown
2112206;1000147048396;6,387878E+13;0,3824756;2,63443;0,05036041;0,06008428;0,01893018;0,015477;VALID;-0,04335249;0,1082679;0,993176;0;0;0;62,225;VALID;-0,02965039;0,1083221;0,9936736;-0,0311216;0;0;0,3486685;4,370415;12,53458;0,9782744;VALID;-0,05889208;0,1081817;0,9923852;0,0311216;0;0;0,3539841;4,499449;12,71088;0,9999921;2;0,2741095;Unknown;Unknown;Board;Board;Unknown;Unknown;Unknown
2112209;1000147048411;6,387878E+13;0,3836791;2,633875;0,04684023;0,06010994;0,01888576;0,01540851;VALID;-0,04326225;0,1091361;0,9930849;0;0;0;62,225;VALID;-0,02964516;0,1091904;0,9935787;-0,0311216;0;0;0,3483357;4,366243;12,53458;0,9774161;VALID;-0,05843609;0,1090517;0,992317;0,0311216;0;0;0,3555891;4,51985;12,71088;0,9999928;2;0,2573972;Unknown;Unknown;Board;Board;Unknown;Unknown;Unknown
2112211;1000147048421;6,387878E+13;0,3838099;2,633783;0,04662696;0,0600304;0,01887283;0,01538208;VALID;-0,0431373;0,1093331;0,9930687;0;0;0;62,225;VALID;-0,0295036;0,1093874;0,9935613;-0,0311216;0;0;0,3483026;4,365828;12,53458;0,9769732;VALID;-0,05853364;0,1092474;0,9922897;0,0311216;0;0;0,3564067;4,530243;12,71088;0,9999932;2;0,001070516;Unknown;Unknown;Board;Board;Unknown;Unknown;Unknown
2112213;1000147048431;6,387878E+13;0,3844764;2,633504;0,04474986;0,06003887;0,01883104;0,01540393;VALID;-0,04295802;0,1097832;0,9930268;0;0;0;62,225;VALID;-0,0292225;0,1098377;0,9935198;-0,0311216;0;0;0,3489689;4,374181;12,53458;0,9764578;VALID;-0,05856354;0,1096961;0,9922384;0,0311216;0;0;0,3568976;4,536482;12,71088;0,9999936;2;0;Unknown;Unknown;Board;Board;Unknown;Unknown;Unknown
2112215;1000147048441;6,387878E+13;0,3846281;2,633442;0,04451572;0,05998395;0,01882145;0,0154078;VALID;-0,04272744;0,1099028;0,9930235;0;0;0;62,225;VALID;-0,02900745;0,1099569;0,993513;-0,0311216;0;0;0,349696;4,383294;12,53458;0,9759341;VALID;-0,05823266;0,1098166;0,9922445;0,0311216;0;0;0,3570738;4,538722;12,71088;0,999994;2;0;Unknown;Unknown;Board;Board;Unknown;Unknown;Unknown
2112218;1000147048456;6,387878E+13;0,385897;2,632924;0,04149181;0,06016511;0,01873703;0,01545226;VALID;-0,04244066;0,1103003;0,9929917;0;0;0;62,225;VALID;-0,02893806;0,1103536;0,993471;-0,0311216;0;0;0,3506115;4,39477;12,53458;0,9752719;VALID;-0,05774377;0,1102156;0,9922289;0,0311216;0;0;0,3507583;4,458446;12,71088;0,9999945;2;0;Unknown;Unknown;Board;Board;Unknown;Unknown;Unknown
2112220;1000147048466;6,387878E+13;0,3860579;2,632838;0,04122048;0,06010694;0,0187687;0,01542925;VALID;-0,04212921;0,1103323;0,9930015;0;0;0;62,225;VALID;-0,02890613;0,1103842;0,9934686;-0,0311216;0;0;0,3514504;4,405284;12,53458;0,9748381;VALID;-0,05712845;0,11025;0,9922607;0,0311216;0;0;0,358617;4,558337;12,71088;0,9999949;2;0;Unknown;Unknown;Board;Board;Unknown;Unknown;Unknown
2112222;1000147048476;6,387878E+13;0,3861872;2,632802;0,04099426;0,06033429;0,01883877;0,01540445;VALID;-0,04175713;0,1104288;0,9930065;0;0;0;62,225;VALID;-0,02871174;0,1104796;0,9934636;-0,0311216;0;0;0,3523452;4,416501;12,53458;0,9745574;VALID;-0,05653136;0,1103485;0,9922839;0,0311216;0;0;0,3598055;4,573443;12,71088;0,9999952;2;0;Unknown;Unknown;Board;Board;Unknown;Unknown;Unknown
2112224;1000147048486;6,387878E+13;0,3863409;2,63271;0,04074354;0,0602801;0,01878848;0,01536519;VALID;-0,04152174;0,1107524;0,9929803;0;0;0;62,225;VALID;-0,02841368;0,1108033;0,9934361;-0,0311216;0;0;0,3532538;4,42789;12,53458;0,974211;VALID;-0,05645298;0,1106712;0,9922525;0,0311216;0;0;0,3599985;4,575897;12,71088;0,9999955;2;0;Unknown;Unknown;Board;Board;Unknown;Unknown;Unknown
2112226;1000147048496;6,387878E+13;0,3861712;2,633113;0,04209659;0,0605725;0,01867206;0,01530814;VALID;-0,04110465;0,1112352;0,9929437;0;0;0;62,225;VALID;-0,02800672;0,1112856;0,9933937;-0,0311216;0;0;0,3543897;4,442128;12,53458;0,9740439;VALID;-0,0559116;0,1111551;0,992229;0,0311216;0;0;0,360963;4,588156;12,71088;0,9999957;2;0;Unknown;Unknown;Board;Board;Unknown;Unknown;Unknown
2112229;1000147048511;6,387878E+13;0,3863019;2,633035;0,04187671;0,06068398;0,01851261;0,01521291;VALID;-0,04054929;0,1109175;0,9930021;0;0;0;62,225;VALID;-0,02776746;0,110966;0,9934362;-0,0311216;0;0;0,3560864;4,463396;12,53458;0,9737407;VALID;-0,05493123;0,1108412;0,9923189;0,0311216;0;0;0,3575597;4,544898;12,71088;0,9999961;2;0;Unknown;Unknown;Board;Board;Unknown;Unknown;Unknown
2112231;1000147048521;6,387878E+13;0,3864232;2,632956;0,04166719;0,06079659;0,01834148;0,01510168;VALID;-0,04038401;0,1106125;0,9930428;0;0;0;62,225;VALID;-0,02755865;0,1106608;0,9934761;-0,0311216;0;0;0,3570792;4,47584;12,53458;0,9734909;VALID;-0,05537475;0,110533;0,9923286;0,0311216;0;0;0,359265;4,566574;12,71088;0,9999964;2;0;Unknown;Unknown;Board;Board;Unknown;Unknown;Unknown
2112233;1000147048531;6,387878E+13;0,386507;2,632915;0,04123169;0,06098801;0,01808276;0,01512784;VALID;-0,04086789;0,1113037;0,9929458;0;0;0;62,225;VALID;-0,02784304;0,1113536;0,9933907;-0,0311216;0;0;0,358113;4,488797;12,53458;0,9732556;VALID;-0,05599781;0,111222;0,9922166;0,0311216;0;0;0,3660498;4,652814;12,71088;0,9999965;2;0;Unknown;Unknown;Board;Board;Unknown;Unknown;Unknown
2112236;1000147048546;6,387878E+13;0,3866107;2,632824;0,04104897;0,06094943;0,01782609;0,01510565;VALID;-0,04083928;0,1115437;0,99292;0;0;0;62,225;VALID;-0,02791957;0,1115933;0,9933617;-0,0311216;0;0;0,3599703;4,512078;12,53458;0,9728729;VALID;-0,05583676;0,1114627;0,9921987;0,0311216;0;0;0,3676027;4,672553;12,71088;0,9999968;2;0;Unknown;Unknown;Board;Board;Unknown;Unknown;Unknown
2112238;1000147048556;6,387878E+13;0,3867106;2,632731;0,04086477;0,0610153;0,01744773;0,01508605;VALID;-0,04060245;0,1117617;0,9929052;0;0;0;62,225;VALID;-0,02769139;0,1118111;0,9933436;-0,0311216;0;0;0,3618178;4,535236;12,53458;0,9725885;VALID;-0,05561469;0,1116808;0,9921867;0,0311216;0;0;0,3683589;4,682165;12,71088;0,9999971;2;0;Unknown;Unknown;Board;Board;Unknown;Unknown;Unknown
2112240;1000147048566;6,387878E+13;0,3868094;2,632631;0,04068857;0,06098085;0,01724756;0,01496336;VALID;-0,04012187;0,112257;0,9928689;0;0;0;62,225;VALID;-0,02718018;0,112306;0,9933019;-0,0311216;0;0;0,3641477;4,56444;12,53458;0,9723822;VALID;-0,05521752;0,1121761;0,992153;0,0311216;0;0;0,3645848;4,634193;12,71088;0,9999973;2;0;Unknown;Unknown;Board;Board;Unknown;Unknown;Unknown
2112242;1000147048577;6,387878E+13;0,3869322;2,632561;0,04050747;0,06117449;0,01691565;0,01487531;VALID;-0,0399399;0,1130124;0,9927905;0;0;0;62,225;VALID;-0,02677803;0,1130621;0,993227;-0,0311216;0;0;0,3665488;4,594537;12,53458;0,9721491;VALID;-0,05563946;0,1129274;0,9920442;0,0311216;0;0;0,372944;4,740446;12,71088;0,9999952;2;0;Unknown;Unknown;Board;Board;Unknown;Unknown;Unknown
2112245;1000147048592;6,387878E+13;0,38704;2,632464;0,04033218;0,06120573;0,01679382;0,01482173;VALID;-0,039561;0,1139173;0,9927022;0;0;0;62,225;VALID;-0,02647224;0,1139666;0,9931318;-0,0311216;0;0;0,3693068;4,629108;12,53458;0,9717214;VALID;-0,05551557;0,1138307;0,9919479;0,0311216;0;0;0,3757874;4,776588;12,71088;0,9999778;2;0;Unknown;Unknown;Board;Board;Unknown;Unknown;Unknown
2112247;1000147048602;6,387878E+13;0,3871686;2,632378;0,04013672;0,06106262;0,0167165;0,01470156;VALID;-0,03954852;0,1155191;0,9925177;0;0;0;62,225;VALID;-0,02629435;0,1155696;0,9929513;-0,0311216;0;0;0,3713208;4,654353;12,53458;0,971556;VALID;-0,05555581;0,115431;0,9917607;0,0311216;0;0;0,3771175;4,793495;12,71088;0,9999791;2;0,07011177;Unknown;Unknown;Board;Board;Unknown;Unknown;Unknown
2112249;1000147048612;6,387878E+13;0,3872958;2,632312;0,03996303;0,06113059;0,01660752;0,01464005;VALID;-0,03943939;0,116377;0,9924217;0;0;0;62,225;VALID;-0,02608897;0,116428;0,9928564;-0,0311216;0;0;0,3731617;4,677427;12,53458;0,9713162;VALID;-0,05544008;0,1162885;0,991667;0,0311216;0;0;0,3786213;4,81261;12,71088;0,9999803;2;0;Unknown;Unknown;Board;Board;Unknown;Unknown;Unknown
2112251;1000147048622;6,387878E+13;0,3874347;2,632228;0,03978969;0,06122867;0,01643978;0,01461764;VALID;-0,03970913;0,1180443;0,9922141;0;0;0;62,225;VALID;-0,0263684;0,1180964;0,992652;-0,0311216;0;0;0,3742852;4,691509;12,53458;0,9709675;VALID;-0,05553076;0,1179552;0,991465;0,0311216;0;0;0,3807633;4,839836;12,71088;0,9999815;2;0,2249127;Unknown;Unknown;Board;Board;Unknown;Unknown;Unknown
2112254;1000147048637;6,387878E+13;0,3875723;2,632144;0,03961253;0,06135506;0,01637402;0,01459176;VALID;-0,04005819;0,1204493;0,9919109;0;0;0;62,225;VALID;-0,02650293;0,1205037;0,992359;-0,0311216;0;0;0,3774147;4,730737;12,53458;0,9706873;VALID;-0,05608461;0,1203563;0,9911453;0,0311216;0;0;0,3840089;4,881091;12,71088;0,9999621;2;0,2907586;Unknown;Unknown;Board;Board;Unknown;Unknown;Unknown
2112256;1000147048647;6,387878E+13;0,3876954;2,632054;0,03946761;0,06159866;0,01615509;0,0144472;VALID;-0,04004064;0,1214757;0,9917865;0;0;0;62,225;VALID;-0,02624386;0,1215313;0,9922406;-0,0311216;0;0;0,3794515;4,756267;12,53458;0,9704915;VALID;-0,05640816;0,1213796;0,9910021;0,0311216;0;0;0,3856428;4,901858;12,71088;0,9999644;2;0,2650085;Unknown;Unknown;Board;Board;Unknown;Unknown;Unknown
2112258;1000147048657;6,387878E+13;0,3876736;2,632627;0,03862841;0,0614926;0,01608831;0,01460224;VALID;-0,03992712;0,1216961;0,991764;0;0;0;62,225;VALID;-0,02593313;0,1217522;0,9922217;-0,0311216;0;0;0,3807601;4,77267;12,53458;0,9702501;VALID;-0,05635299;0,1215997;0,9909782;0,0311216;0;0;0,3870339;4,91954;12,71088;0,9999627;2;0,2101319;Unknown;Unknown;Board;Board;Unknown;Unknown;Unknown
2112260;1000147048667;6,387878E+13;0,3877814;2,632571;0,03844665;0,06168063;0,0159051;0,01447413;VALID;-0,03953464;0,1217613;0,9917718;0;0;0;62,225;VALID;-0,02554537;0,1218168;0,9922238;-0,0311216;0;0;0,3820139;4,788386;12,53458;0,9700601;VALID;-0,05598759;0,1216654;0,9909909;0,0311216;0;0;0,3893715;4,949254;12,71088;0,9999649;2;0,3463221;Unknown;Unknown;Board;Board;Unknown;Unknown;Unknown
2112262;1000147048677;6,387878E+13;0,38789;2,632513;0,03826658;0,06171892;0,01572649;0,01440751;VALID;-0,03844112;0,121162;0,9918881;0;0;0;62,225;VALID;-0,02520429;0,1212131;0,9923065;-0,0311216;0;0;0,3843604;4,817798;12,53458;0,9698752;VALID;-0,05408094;0,1210742;0,9911692;0,0311216;0;0;0,3889288;4,943627;12,71088;0,9998889;2;0,2311146;Unknown;Unknown;Board;Board;Unknown;Unknown;Unknown
2112268;1000147048707;6,387878E+13;0,3881791;2,632404;0,03776895;0,06133335;0,01532727;0,01403942;VALID;-0,03391151;0,1237642;0,9917321;0;0;0;62,225;VALID;-0,0216363;0,1238064;0,9920705;-0,0311216;0;0;0,3925308;4,920211;12,53458;0,9698427;VALID;-0,04733856;0,1236966;0,9911903;0,0311216;0;0;0,3938613;5,006323;12,71088;0,9990246;2;0,0700359;Unknown;Unknown;Board;Board;Unknown;Unknown;Unknown
2112273;1000147048732;6,387878E+13;0,3883325;2,632417;0,03709217;0,06134473;0,01508515;0,01365894;VALID;-0,0250938;0,1289946;0,9913278;0;0;0;62,225;VALID;-0,01247602;0,1290252;0,9915628;-0,0311216;0;0;0,3955774;4,958398;12,53458;0,9705593;VALID;-0,0385029;0,1289396;0,9909047;0,0311216;0;0;0,4000855;5,085438;12,71088;0,9988056;2;0;Unknown;Unknown;Board;Board;Unknown;Unknown;Unknown
2112277;1000147048752;6,387878E+13;0,3893174;2,631775;0,03440454;0,06137113;0,01498228;0,01370331;VALID;-0,01835721;0,1313166;0,9911705;0;0;0;62,225;VALID;-0,006949803;0,1313356;0,9913136;-0,0311216;0;0;0,3979143;4,98769;12,53458;0,9710699;VALID;-0,0299191;0,13128;0,9908937;0,0311216;0;0;0,3984877;5,065129;12,71088;0,9989277;2;0;Unknown;Unknown;Board;Board;Unknown;Unknown;Unknown
2112280;1000147048767;6,387878E+13;0,3894059;2,63173;0,03422968;0,0615658;0,01499688;0,01371292;VALID;-0,01507037;0,1322674;0,9910995;0;0;0;62,225;VALID;-0,00462693;0,132281;0,9912015;-0,0311216;0;0;0,3990884;5,002408;12,53458;0,9717506;VALID;-0,02542923;0,1322396;0,9908915;0,0311216;0;0;0,396812;5,043829;12,71088;0,9990257;2;0;Unknown;Unknown;Board;Board;Unknown;Unknown;Unknown
2112282;1000147048777;6,387878E+13;0,3895247;2,631655;0,03403087;0,0616133;0,01497182;0,0136599;VALID;-0,01317318;0,1330041;0,991028;0;0;0;62,225;VALID;-0,003545516;0,1330148;0,9911077;-0,0311216;0;0;0,4001805;5,016097;12,53458;0,9719319;VALID;-0,02258309;0,1329818;0,9908612;0,0311216;0;0;0,4014023;5,102176;12,71088;0,9990876;2;0,05529433;Unknown;Unknown;Board;Board;Unknown;Unknown;Unknown
2112284;1000147048787;6,387878E+13;0,3896263;2,631585;0,03386062;0,06170021;0,01501385;0,01371918;VALID;-0,01271515;0,1337578;0,9909325;0;0;0;62,225;VALID;-0,002505489;0,1337682;0,9910095;-0,0311216;0;0;0,4015707;5,033523;12,53458;0,9728659;VALID;-0,02316375;0,1337327;0,9907467;0,0311216;0;0;0,407047;5,173925;12,71088;0,9991461;2;0,08497984;Unknown;Unknown;Board;Board;Unknown;Unknown;Unknown
2112286;1000147048797;6,387878E+13;0,3897389;2,63149;0,03368441;0,06162734;0,01513814;0,01368003;VALID;-0,01169033;0,1340569;0,9909047;0;0;0;62,225;VALID;-0,001991662;0,1340658;0,9909704;-0,0311216;0;0;0,4020431;5,039443;12,53458;0,9730685;VALID;-0,02148869;0,1340351;0,9907436;0,0311216;0;0;0,4043692;5,139888;12,71088;0,9992011;2;0,1329381;Unknown;Unknown;Board;Board;Unknown;Unknown;Unknown
2112288;1000147048807;6,387878E+13;0,38988;2,631401;0,03347965;0,06165568;0,01512321;0,01371446;VALID;-0,01116998;0,1344904;0,9908519;0;0;0;62,225;VALID;-0,002052426;0,1344985;0,9909117;-0,0311216;0;0;0,4028815;5,049952;12,53458;0,9732987;VALID;-0,02039138;0,1344708;0,9907077;0,0311216;0;0;0,4054666;5,153837;12,71088;0,9992526;2;0,2388587;Unknown;Unknown;Board;Board;Unknown;Unknown;Unknown
2112291;1000147048822;6,387878E+13;0,3899757;2,631306;0,03332683;0,06171843;0,01513501;0,01367943;VALID;-0,0106885;0,1355517;0,9907126;0;0;0;62,225;VALID;-0,001998745;0,1355592;0,9907672;-0,0311216;0;0;0,4050084;5,076612;12,53458;0,9735721;VALID;-0,01937245;0,135534;0,9905833;0,0311216;0;0;0,40977;5,208537;12,71088;0,9993235;2;0,2647769;Unknown;Unknown;Board;Board;Unknown;Unknown;Unknown
2112293;1000147048832;6,387878E+13;0,3900746;2,631208;0,03315869;0,0619337;0,01512249;0,01363366;VALID;-0,01031172;0,1357657;0,9906873;0;0;0;62,225;VALID;-0,0018184;0,1357727;0,9907383;-0,0311216;0;0;0,4058887;5,087646;12,53458;0,9738164;VALID;-0,01874876;0,1357491;0,9905658;0,0311216;0;0;0,4089512;5,198129;12,71088;0,9993669;2;0,2611978;Unknown;Unknown;Board;Board;Unknown;Unknown;Unknown
2112295;1000147048842;6,387878E+13;0,3901778;2,631073;0,03300096;0,06214134;0,0151408;0,01361168;VALID;-0,009124161;0,1354239;0,9907457;0;0;0;62,225;VALID;-0,00150898;0,1354294;0,9907858;-0,0311216;0;0;0,4064802;5,09506;12,53458;0,9749769;VALID;-0,01639224;0,1354114;0,9906539;0,0311216;0;0;0,4055632;5,155064;12,71088;0,9994074;2;0,01243045;Unknown;Unknown;Board;Board;Unknown;Unknown;Unknown
2112297;1000147048852;6,387878E+13;0,3902862;2,630965;0,03285781;0,06245522;0,01513032;0,01355504;VALID;-0,00864769;0,1354197;0,9907506;0;0;0;62,225;VALID;-0,001374903;0,1354246;0,9907867;-0,0311216;0;0;0,4071047;5,102889;12,53458;0,9752179;VALID;-0,01555595;0,1354083;0,9906678;0,0311216;0;0;0,4088814;5,197241;12,71088;0,9994451;2;0;Unknown;Unknown;Board;Board;Unknown;Unknown;Unknown
2112299;1000147048862;6,387878E+13;0,390368;2,630831;0,03272261;0,06263573;0,01517007;0,01336945;VALID;-0,008287597;0,1352775;0,9907731;0;0;0;62,225;VALID;-0,001449114;0,135282;0,9908061;-0,0311216;0;0;0,4077479;5,11095;12,53458;0,9753228;VALID;-0,01465895;0,1352676;0,9907007;0,0311216;0;0;0,411926;5,235941;12,71088;0,9994804;2;0;Unknown;Unknown;Board;Board;Unknown;Unknown;Unknown
2112302;1000147048877;6,387878E+13;0,3899599;2,631242;0,03547808;0,0629835;0,01519439;0,01291933;VALID;-0,009294481;0,1356934;0,9907073;0;0;0;62,225;VALID;-0,00172805;0,1356991;0,9907486;-0,0311216;0;0;0,4088269;5,124475;12,53458;0,975592;VALID;-0,0167872;0,1356802;0,9906105;0,0311216;0;0;0,4138541;5,260449;12,71088;0,9995289;2;0;Unknown;Unknown;Board;Board;Unknown;Unknown;Unknown
2112304;1000147048887;6,387878E+13;0,390043;2,631073;0,03537139;0,06303104;0,01540027;0,01188702;VALID;-0,009699671;0,135837;0,9906837;0;0;0;62,225;VALID;-0,001806757;0,1358431;0,9907287;-0,0311216;0;0;0,4093769;5,13137;12,53458;0,9758024;VALID;-0,01754831;0,1358224;0,9905778;0,0311216;0;0;0,4158652;5,286011;12,71088;0,9995586;2;0;Unknown;Unknown;Board;Board;Unknown;Unknown;Unknown
2112306;1000147048897;6,387878E+13;0,3902318;2,630911;0,03517515;0,06312519;0,01580021;0,01012199;VALID;-0,01004484;0,1354744;0,9907299;0;0;0;62,225;VALID;-0,002022595;0,135481;0,9907779;-0,0311216;0;0;0,409827;5,137011;12,53458;0,9759773;VALID;-0,01799003;0,1354593;0,9906195;0,0311216;0;0;0,4085717;5,193306;12,71088;0,9995863;2;0,04669566;Unknown;Unknown;Board;Board;Unknown;Unknown;Unknown
2112308;1000147048907;6,387878E+13;0,3903149;2,630801;0,03506964;0,06330234;0,01616107;0,008203296;VALID;-0,009917398;0,1350594;0,9907879;0;0;0;62,225;VALID;-0,002315986;0,1350657;0,9908339;-0,0311216;0;0;0,4103138;5,143113;12,53458;0,9759105;VALID;-0,01729839;0,1350458;0,9906883;0,0311216;0;0;0,4085794;5,193403;12,71088;0,9996123;2;0;Unknown;Unknown;Board;Board;Unknown;Unknown;Unknown
2112311;1000147048922;6,387878E+13;0,3904105;2,63069;0,03496006;0,06361677;0,01644208;0,006695644;VALID;-0,009650244;0,1349439;0,9908062;0;0;0;62,225;VALID;-0,002618001;0,1349497;0,990849;-0,0311216;0;0;0,4108798;5,150208;12,53458;0,9758959;VALID;-0,01610876;0,1349327;0,9907238;0,0311216;0;0;0,4140206;5,262565;12,71088;0,999648;2;0;Unknown;Unknown;Board;Board;Unknown;Unknown;Unknown
2112313;1000147048932;6,387878E+13;0,3905017;2,630557;0,03485868;0,06384012;0,01656215;0,005634705;VALID;-0,009902508;0,1351641;0,9907737;0;0;0;62,225;VALID;-0,002981218;0,1351701;0,9908179;-0,0311216;0;0;0,4110644;5,152521;12,53458;0,97607;VALID;-0,01641645;0,1351525;0,9906888;0,0311216;0;0;0,4168124;5,298052;12,71088;0,9996699;2;0;Unknown;Unknown;Board;Board;Unknown;Unknown;Unknown
2112315;1000147048942;6,387878E+13;0,3906024;2,630438;0,0347608;0,06422024;0,01639119;0,005016134;VALID;-0,01015215;0,1354207;0,9907362;0;0;0;62,225;VALID;-0,003519606;0,1354268;0,9907811;-0,0311216;0;0;0,4110283;5,152069;12,53458;0,9760177;VALID;-0,01668024;0,1354088;0,9906494;0,0311216;0;0;0,4175189;5,307032;12,71088;0,9996904;2;0,01654672;Unknown;Unknown;Board;Board;Unknown;Unknown;Unknown
2112317;1000147048952;6,387878E+13;0,3914636;2,630022;0,03202292;0,06446505;0,01625336;0,004885246;VALID;-0,01018113;0,1357667;0,9906885;0;0;0;62,225;VALID;-0,003960691;0,1357727;0,9907321;-0,0311216;0;0;0,4110767;5,152676;12,53458;0,9760689;VALID;-0,01640858;0,1357554;0,9906065;0,0311216;0;0;0,4174714;5,306428;12,71088;0,9997096;2;0,06458652;Unknown;Unknown;Board;Board;Unknown;Unknown;Unknown
2112320;1000147048967;6,387878E+13;0,3915958;2,629893;0,03189735;0,064764;0,01604005;0,005246855;VALID;-0,01028924;0,1369025;0,9905311;0;0;0;62,225;VALID;-0,004414076;0,1369084;0,9905739;-0,0311216;0;0;0,4115381;5,15846;12,53458;0,9747918;VALID;-0,01633931;0,1368915;0,9904513;0,0311216;0;0;0,4159757;5,287416;12,71088;0,9997361;2;0,157017;Unknown;Unknown;Board;Board;Unknown;Unknown;Unknown
2112322;1000147048977;6,387878E+13;0,3925302;2,629437;0,0288915;0,06500511;0,01581141;0,005512387;VALID;-0,01051648;0,1378727;0,9903941;0;0;0;62,225;VALID;-0,005202936;0,1378785;0,9904355;-0,0311216;0;0;0,4114845;5,157788;12,53458;0,9731665;VALID;-0,01629559;0,1378621;0,9903174;0,0311216;0;0;0,4157357;5,284366;12,71088;0,9997524;2;0,1505899;Unknown;Unknown;Board;Board;Unknown;Unknown;Unknown
2112324;1000147048987;6,387878E+13;0,3925966;2,629321;0,02875013;0,065371;0,01583039;0,005766481;VALID;-0,01077572;0,1386652;0,9902807;0;0;0;62,225;VALID;-0,005537445;0,1386712;0,990323;-0,0311216;0;0;0,4111013;5,152984;12,53458;0,9714292;VALID;-0,01651606;0,1386544;0,9902031;0,0311216;0;0;0,4185775;5,320488;12,71088;0,9997677;2;0,2351118;Unknown;Unknown;Board;Board;Unknown;Unknown;Unknown
2112326;1000147048997;6,387878E+13;0,3926832;2,62918;0,02858526;0,06569126;0,01584262;0,0059765;VALID;-0,0107841;0,1388515;0,9902545;0;0;0;62,225;VALID;-0,005843623;0,1388572;0,9902952;-0,0311216;0;0;0,4107615;5,148725;12,53458;0,9695568;VALID;-0,0163028;0,1388411;0,9901805;0,0311216;0;0;0,4127078;5,245878;12,71088;0,9997231;2;0,1772511;Unknown;Unknown;Board;Board;Unknown;Unknown;Unknown
2112328;1000147049007;6,387878E+13;0,392247;2,629366;0,03101764;0,06618959;0,0159733;0,006298583;VALID;-0,01111637;0,1400141;0,9900871;0;0;0;62,225;VALID;-0,006021305;0,1400202;0,9901304;-0,0311216;0;0;0,4106029;5,146737;12,53458;0,9679366;VALID;-0,01662317;0,1400034;0,9900115;0,0311216;0;0;0,4163555;5,292243;12,71088;0,9997199;2;0,2759609;Unknown;Unknown;Board;Board;Unknown;Unknown;Unknown
2112331;1000147049022;6,387878E+13;0,3923465;2,62925;0,03087298;0,06645382;0,01603716;0,006477814;VALID;-0,01140679;0,14193;0,9898109;0;0;0;62,225;VALID;-0,006905469;0,1419358;0,9898518;-0,0311216;0;0;0,4100839;5,140232;12,53458;0,9657816;VALID;-0,01653469;0,1419198;0,9897401;0,0311216;0;0;0,4156428;5,283185;12,71088;0,9995033;2;0,7060509;Unknown;Unknown;Board;Board;Unknown;Unknown;Unknown
2112333;1000147049032;6,387878E+13;0,3924086;2,629145;0,03073778;0,0665622;0,01613829;0,006704537;VALID;-0,01102479;0,1411705;0,9899239;0;0;0;62,225;VALID;-0,006877295;0,1411757;0,9899607;-0,0311216;0;0;0,4096868;5,135254;12,53458;0,9644462;VALID;-0,01560542;0,1411619;0,9898635;0,0311216;0;0;0,4114538;5,22994;12,71088;0,9993458;2;0,4338215;Unknown;Unknown;Board;Board;Unknown;Unknown;Unknown
2112335;1000147049042;6,387878E+13;0,3924757;2,629041;0,03057327;0,06694561;0,01612925;0,006947132;VALID;-0,01104854;0,1417156;0,9898458;0;0;0;62,225;VALID;-0,0070574;0,1417207;0,9898815;-0,0311216;0;0;0,4093641;5,131209;12,53458;0,9634319;VALID;-0,01547864;0,1417073;0,9897876;0,0311216;0;0;0,4128768;5,248027;12,71088;0,9993349;2;0,2986433;Unknown;Unknown;Board;Board;Unknown;Unknown;Unknown
2112337;1000147049052;6,387878E+13;0,3925288;2,628912;0,03040348;0,06714159;0,01607619;0,006950671;VALID;-0,01096014;0,1412598;0,9899119;0;0;0;62,225;VALID;-0,006948067;0,1412649;0,9899474;-0,0311216;0;0;0,4091589;5,128636;12,53458;0,9623989;VALID;-0,01511886;0,1412521;0,9898582;0,0311216;0;0;0,4100561;5,212173;12,71088;0,9992981;2;0,04238898;Unknown;Unknown;Board;Board;Unknown;Unknown;Unknown
2112340;1000147049067;6,387878E+13;0,3925367;2,628817;0,03027757;0,06720108;0,01598175;0,006790303;VALID;-0,01076142;0,1420736;0,9897976;0;0;0;62,225;VALID;-0,006719759;0,1420786;0,9898326;-0,0311216;0;0;0,4084043;5,119179;12,53458;0,9606799;VALID;-0,01462321;0,1420667;0,9897491;0,0311216;0;0;0,4145368;5,269127;12,71088;0,9991475;2;0;Unknown;Unknown;Board;Board;Unknown;Unknown;Unknown
2112342;1000147049077;6,387878E+13;0,3925335;2,628725;0,03012651;0,06726369;0,01583628;0,006681209;VALID;-0,01047128;0,1423711;0,989758;0;0;0;62,225;VALID;-0,006787216;0,1423756;0,9897894;-0,0311216;0;0;0,4076384;5,109578;12,53458;0,9597602;VALID;-0,01366976;0,1423656;0,9897197;0,0311216;0;0;0,4108999;5,222898;12,71088;0,9990837;2;0;Unknown;Unknown;Board;Board;Unknown;Unknown;Unknown
2112344;1000147049087;6,387878E+13;0,3925312;2,628616;0,02995885;0,06724247;0,01569824;0,006512135;VALID;-0,01017566;0,1423866;0,9897588;0;0;0;62,225;VALID;-0,006826954;0,1423906;0,989787;-0,0311216;0;0;0,4064607;5,094817;12,53458;0,9588296;VALID;-0,01275768;0,1423823;0,9897295;0,0311216;0;0;0,4085345;5,192832;12,71088;0,9989434;2;0;Unknown;Unknown;Board;Board;Unknown;Unknown;Unknown
2112346;1000147049097;6,387878E+13;0,3919944;2,628541;0,03233141;0,06740606;0,01568587;0,006440151;VALID;-0,00945064;0,1422585;0,9897844;0;0;0;62,225;VALID;-0,006575474;0,1422618;0,9898072;-0,0311216;0;0;0,4048309;5,074388;12,53458;0,9580587;VALID;-0,01124099;0,1422559;0,9897661;0,0311216;0;0;0,4072261;5,176201;12,71088;0,9988703;2;0;Unknown;Unknown;Board;Board;Unknown;Unknown;Unknown
2112349;1000147049112;6,387878E+13;0,3919961;2,628441;0,03218951;0,06752464;0,01547517;0,006395131;VALID;-0,008901205;0,1423262;0,9897798;0;0;0;62,225;VALID;-0,006393931;0,1423289;0,9897988;-0,0311216;0;0;0,4027311;5,048068;12,53458;0,9566671;VALID;-0,01044072;0,1423241;0,989765;0,0311216;0;0;0,4071295;5,174973;12,71088;0,9988717;2;0;Unknown;Unknown;Board;Board;Unknown;Unknown;Unknown
2112351;1000147049122;6,387878E+13;0,391964;2,628323;0,032045;0,06752244;0,01532835;0,00632411;VALID;-0,008338819;0,1419523;0,9898384;0;0;0;62,225;VALID;-0,00625936;0,1419545;0,9898534;-0,0311216;0;0;0,4011809;5,028636;12,53458;0,9557386;VALID;-0,009421756;0,141951;0,9898288;0,0311216;0;0;0,4054905;5,15414;12,71088;0,9988254;2;0;Unknown;Unknown;Board;Board;Unknown;Unknown;Unknown
2112353;1000147049132;6,387878E+13;0,3919342;2,628224;0,03189323;0,06762896;0,01512284;0,006339781;VALID;-0,00807113;0,1425845;0,9897497;0;0;0;62,225;VALID;-0,005799358;0,1425868;0,9897653;-0,0311216;0;0;0,3979851;4,988578;12,53458;0,9548829;VALID;-0,009758281;0,1425824;0,9897348;0,0311216;0;0;0,410657;5,219812;12,71088;0,9987789;2;0;Unknown;Unknown;Board;Board;Unknown;Unknown;Unknown
2112355;1000147049142;6,387878E+13;0,3918929;2,628092;0,03176389;0,06767064;0,01493495;0,00628131;VALID;-0,007729884;0,1433852;0,9896368;0;0;0;62,225;VALID;-0,005149328;0,1433876;0,9896532;-0,0311216;0;0;0,3950027;4,951194;12,53458;0,9541668;VALID;-0,009944372;0,1433824;0,9896174;0,0311216;0;0;0,4018984;5,108481;12,71088;0,9988428;2;0;Unknown;Unknown;Board;Board;Unknown;Unknown;Unknown
2112357;1000147049152;6,387878E+13;0,3918596;2,627967;0,03160897;0,06781718;0,01475987;0,006245201;VALID;-0,007071908;0,1440266;0,9895486;0;0;0;62,225;VALID;-0,004219731;0,144029;0,9895645;-0,0311216;0;0;0,3918379;4,911526;12,53458;0,9533368;VALID;-0,009727536;0,1440234;0,9895265;0,0311216;0;0;0,3968955;5,044891;12,71088;0,998899;2;0;Unknown;Unknown;Board;Board;Unknown;Unknown;Unknown
2112360;1000147049167;6,387878E+13;0,3918494;2,62786;0,03145625;0,06783159;0,01473193;0,006292747;VALID;-0,006438653;0,145918;0,9892758;0;0;0;62,225;VALID;-0,003476331;0,1459202;0,9892902;-0,0311216;0;0;0,389745;4,885292;12,53458;0,9521262;VALID;-0,009274055;0,1459148;0,9892537;0,0311216;0;0;0,3932897;4,999057;12,71088;0,9990016;2;0;Unknown;Unknown;Board;Board;Unknown;Unknown;Unknown
